dz	ʒ
ʃ	s
tʃ	s
dʒ	tʃ
tʃ	ʃ
ɬ	l
f	p
a	e
a	e
q	ʔ
ʕ	h
a	o
ʃ	s
u	i
o	e
e	i
e	i
e	i
e	i
e	i
e	i
o	u
e	i
o	u
e	i
o	u
e	i
o	u
e	i
o	u
a	o
e	i
e	i
x	k
x	k
s	ʃ
tʃ	ts
sx	ʃ
l	d
l	n
d	t
p	b
z	d
ts	ʒ
x	k
x	k
ʒ	tʃ
ʒ	ts
ts	tʃ
sx	tʃ
s	ʃ
h	h
h	h
d	t
b	w
p	f
z	j
z	dʒ
s	ʃ
ts	tʃ
x	k
x	k
s	ʃ
ʒ	ʃ
ts	tʃ
ʒ	tʃ
s	ʃ
ts	tʃ
ɲ	n
h	w
l	d
l	n
d	t
b	w
p	f
z	d
z	ts
x	k
x	h
x	ɡ
ts	s
sx	ʃ
ts	tʃ
ts	s
ɲ	n
h	w
b	w
p	b
z	j
z	dʒ
z	dʒ
s	ʃ
ts	tʃ
x	k
ʒ	ʃ
s	s
ts	s
ʒ	s
ts	ʃ
s	ʃ
s	ʃ
s	s
s	tʃ
h	w
l	d
l	n
d	t
b	w
p	f
x	k
x	k
s	ʃ
s	ʃ
ɲ	n
l	n
d	t
b	w
p	f
p	b
z	d
x	k
x	k
tʃ	ʔj
ʒ	s
ts	s
sx	ʃ
ɲ	n
h	w
l	n
d	t
r	r
r	l
b	w
p	ʔp
z	ts
ts	s
x	k
x	h
x	ɡ
x	ɡ
s	ʃ
s	ʃ
s	tʃ
ts	tʃ
ts	s
ɲ	n
l	n
p	b
p	p
z	d
z	z
x	ɡ
x	ɡ
k	q
tʃ	ts
s	ʃ
s	z
s	tʃ
p	f
z	d
z	z
k	ɡ
tʃ	ts
ts	ʃ
s	ʃ
s	tʃ
s	tʃ
tʃ	ts
dʒ	dz
b	m
ɡ	k
ɣ	ɡ
z	ɡ
dz	z
dz	dz
ɡ	ɡ
ɡ	ɡ
x	ɣ
x	ɣ
x	ɣ
x	ɣ
ɢ	ɣ
ɢ	ɣ
ɢ	ɣ
ɢ	ɣ
k	ɣ
k	q
k	ɣ
ɢ	x
ɢ	x
ts	ʃ
tʃ	ʃ
z	d
dz	dʒ
t	r
x	w
ɢ	ɣ
ts	ʃ
tʃ	ʃ
dz	dʒ
t	j
k	χ
k	χ
x	w
ɢ	w
ts	s
dz	z
k	k
k	q
k	k
k	q
k	χ
k	q
k	q
e	i
o	u
e	a
o	a
i	ə
u	ə
in	ŋ
ħ	h
ʕ	ʔ
ts	s
dz	z
t	s
ts	s
tʃ	ʃ
h	ħ
z	d
ɲ	n
ŋw	n
ə	i
h	ħ
ɬ	s
ʃ	s
ts	s
z	s
dz	z
tʃ	ts
t	ts
tʃ	ts
f	p
p	b
xw	ɣw
ɣw	ħ
k	ɡ
ʕ	ħʔ
ɡw	ʕ
q	ʕ
k	tʃ
kw	tʃ
ɡ	dʒ
ɡw	dʒ
x	k
q	i
ʕ	i
qu	w
ʔ	ʕ
h	ʕ
ħ	ʕ
q	ʕ
q	ʔ
h	ʔ
ħ	ʔ
q	ʔ
qh	ʕħ
ɣ	ʕ
tl	dl
r	l
r	ʔ
l	j
l	r
l	n
n	l
n	l
n	l
n	l
n	l
n	l
r	l
r	l
q	ʕ
i	ə
u	ə
tl	ɬ
ɣ	ɡ
ɣ	ɡ
ɣw	ɡ
k	k
k	k
w	k
ʔ	ʕ
p	f
θ	ð
k	q
ɡ	dʒ
s	ʃ
s	h
ʃ	s
ɬ	ʃ
ɬ	dɬ
dɬ	d
m	n
j	a
w	a
q	k
s	f
f	p
θ	t
k	c
x	ç
lj	j
nj	j
j	c
nx	x
ð	ð
d	ð
t	s
s	t
h	x
dʒ	z
ɣ	ʕ
ħ	x
w	v
w	v
u	o
i	e
u	o
i	e
i	a
i	a
u	o
u	o
a	e
a	u
a	o
a	u
a	o
a	e
ʔ	e
θ	t
ð	d
θ	s
ð	z
d	z
dʒ	ɡ
i	e
u	o
u	o
u	u
aj	e
aw	o
a	ɑ
a	ɑ
a	ɑ
a	ɑ
a	æ
a	æ
q	ʔ
sʃ	ʃ
ʒʃ	ʃ
s	ʃ
ʃ	ʃ
ʒʃ	ʃ
zʃ	ʃ
ʒʃ	ʃ
z	ʃ
ʃ	ʃ
ʒʃ	ʃ
ʕ	ʕ̞
ʕ	ħ
θ	t
ð	d
ð	d
q	ɡ
a	e
a	æ
θ	t
ð	d
ð	d
d	ð
q	ɡ
a	e
a	æ
d	ð
q	ɡ
f	v
θ	z̪
x	χ
ɣ	ʁ
ʁ	q
ɣ	ʁ
ɣ	q
aj	e
aj	e
aw	o
aw	o
j	i
w	u
j	i
w	u
k	tʃ
q	ɡ
q	q
ɡ	j
ʕ	ʔ
aj	e
aw	o
d	ð
dʒ	ʒ
q	ɡ
aj	e
aj	e
aj	ej
aw	o
aw	o
aw	ow
q	ɡ
dʒ	ʒ
θ	t
ð	d
ð	d
aj	e
aw	o
t	t͜s
a	ə
i	ə
u	ə
ə	a
ə	ɐ
ə	ɪ
u	ʊ
a	ɑ
i	e
u	o
a	æ
q	q
q	ɡ
dʒ	d
dʒ	ɡ
dʒ	ʒ
s	ʃ
z	ʒ
q	ɡ
x	χ
ɣ	ʁ
dʒ	ɡ
q	ɢ
u	ɵ
u	ɵ
u	ɵ
u	ɵ
u	o
u	o
u	o
u	o
a	ɑ
a	ɛ
d	ð
q	ɡ
q	q
dʒ	ʒ
x	χ
ɣ	ʁ
e	i
o	u
θ	ʃ
θ	ʃ
ð	z
ɬ	s
ɬ	s
x	ħ
ɣ	ʕ
k	q
a	o
i	eə
i	i
i	ə
u	oə
u	u
u	ə
i	e
a	a
a	ɛ
i	e
u	a
i	e
u	o
i	e
aw	a
aw	w
aj	e
aj	ɛ
o	i
o	i
u	i
u	i
o	u
a	ə
a	ə
i	ə
i	ə
u	ə
u	ə
i	a
i	a
i	e
u	ɔ
aj	e
aw	o
p	b
b	v
t	θ
d	ð
k	x
ɡ	ɣ
at	a
e	ɛ
ɛ	ɛ
e	ɛ
ɛ	ɛ
ə	a
ə	ɛ
w	v
θ	t
ð	d
ɣ	ɡ
x	χ
ʕ	ʔ
ħ	χ
q	k
r	ʁ
hl	s
ʔ	h
l	n
l	r
nr	r
a	e
iw	o
θ	n
θ	s
θ	r
ʃ	s
tʃ	ts
xs	s
hs	s
sk	k
ʔs	s
ʔts	ts
a	ɔ̃
e	a
nθ	s
nl	s
nl	hl
ʔ	h
a	ɔ̃
iw	o
θ	n
θ	s
θ	l
ʃ	s
tʃ	ts
nj	i
xs	s
hs	s
ʔs	s
ʔts	ts
sk	k
i	e
e	a
we	o
o	i
o	i
e	i
θ	ʃ
θ	ʃ
s	ʔ
m	ʔ
n	ʔ
r	ʔ
tʃ	ʃ
w	j
w	n
p	k
s	n
s	h
r	n
r	h
tʃ	θ
a	o
a	o
hʔ	ʔh
i	u
i	u
ʃ	x
m	w
ʃ	x
m	w
ʃ	x
m	b
ʃ	s
k	tʃ
m	b
ʃ	s
k	tʃ
m	b
e	ei
o	e
o	e
hʔ	ʔh
i	u
ʃ	θ
θ	t
m	w
ʃ	θ
θ	t
m	b
k	tʃ
ʃ	s
θ	ts
t	ts
m	t
k	b
θ	t
tʃ	t
ʃ	t
r	t
j	s
ʃ	s
tʃ	s
nr	s
h	x
hkw	ʔk
nθ	s
nθ	t
hs	s
m	ʔ
nkw	ʔ
n	x
s	x
ntʃ	ʔt
ns	x
ns	s
sk	x
sk	s
θp	x
θp	s
tʃp	ʔp
ʃp	s
ʃp	p
ʃ	x
x	s
x	s
t	ts
e	i
a	o
e	o
i	o
w	j
ji	i
ja	i
ahi	i
owa	o
awa	o
awe	o
awi	o
awi	oji
i	i
wa	i
e	i
wa	i
aji	i
aje	i
ani	i
a	o
elwi	i
iwi	i
i	i
wi	i
iwi	i
i	i
wi	i
j	s
w	j
i	j
ij	j
j	j
iji	i
on	u
tem	m
ken	n
pen	n
ket	t
t	s
ke	t
keh	t
kes	s
keθ	s
k	s
es	s
keθ	s
we	o
wi	o
a	aa
a	i
e	a
e	i
i	i
o	e
a	o
e	a
i	e
t	ht
l	t
θ	t
tl	t
θ	t
s	h
ʃ	ʃ
ʃ	x
tʃ	s
w	v
w	o
j	t
j	e
k	ʔ
k	ʔ
we	o
e	i
e	a
ja	a
ʃje	se
lwi	jo
wi	o
q	h
ʃp	sp
tʃp	sp
q	s
ʃ	s
θ	s
l	h
nʃ	s
qʃ	s
hʃ	s
nl	h
ql	j
hl	hj
k	tʃ
a	i
θ	t
l	j
we	o
e	i
ja	a
ʃje	ʃe
lwi	jo
wi	o
q	h
ʃp	sp
tʃp	sp
q	s
ʃ	s
θ	s
l	h
nʃ	ʃ
qʃ	ʃ
hʃ	ʃ
nl	l
ql	l
hl	l
ʃ	ʃ
ʃ	s
k	tʃ
tʃ	ts
θ	t
l	j
we	o
e	i
ja	a
ʃje	se
lwi	jo
wi	o
q	h
ʃp	sp
tʃp	sp
q	s
ʃ	s
θ	s
l	h
nʃ	s
qʃ	s
hʃ	s
nl	h
ql	j
hl	hj
ʃ	s
tʃ	ts
θ	t
l	j
we	o
e	i
ja	a
ʃje	ʃe
lwi	jo
wi	o
q	h
ʃp	sp
tʃp	sp
q	s
ʃ	s
θ	s
l	h
nʃ	ʃ
qʃ	ʃ
hʃ	ʃ
nl	l
ql	l
hl	l
ʃ	s
tʃ	ts
θ	t
l	n
we	o
e	i
e	i
ja	a
lwi	jo
wi	o
q	h
ʃp	sp
tʃp	sp
q	s
ʃ	s
θ	s
l	s
nʃ	s
qʃ	s
hʃ	s
nl	h
ql	j
hl	hj
ʃ	s
tʃ	ts
θ	t
l	r
l	ð
tʃ	t
t	tʃ
s	ʃ
θ	r
l	r
r	l
θ	r
ʃ	l
kw	k
pw	p
mw	m
we	wə
wə	o
ʔ	h
nθ	hl
nl	hl
θ	x
ʃ	s
x	h
tʃ	h
ç	h
a	ə
weak	ə
ə	o
ə	i
ə	o
ə	o
x	χ
ə	a
ə	o
we	o
je	i
we	o
θ	s
θ	r
s	h
r	h
a	o
e	i
e	i
e	i
wi	o
wi	o
ʃ	s
tʃ	ts
e	æ
e	æ
i	e
i	e
o	u
oʔ	uʔ
wi	i
ji	i
we	i
je	i
wæ	i
jæ	i
wi	i
ji	i
we	i
je	i
wæ	i
jæ	i
æ	e
r	n
wa	uə̯
ja	iə̯
tʃ	t
t	tʃ
s	ʃ
s	ʃ
θ	r
l	r
r	l
θ	r
l	r
r	n
θ	r
l	r
r	l
ʔɬ	hs
ʔl	hs
hɬ	hs
hl	hs
θ	t
l	t
θ	h
ʃ	h
tʃ	h
ç	h
x	h
ʔ	h
nas	h
h	ʔ
hs	s
hʃ	ʃ
s	nas
s	z
ʃ	nas
ʃ	ʒ
tʃ	ʃ
hθ	s
hʃ	s
ʔθ	s
ʔʃ	s
ʃ	s
θ	l
k	χ
k	χ
e	oχ
k	oχ
o	u
o	u
wa	o
aha	a
awaha	a
awa	u
iwa	u
iwi	u
owi	o
awi	o
ehi	e
aja	i
iha	i
iji	i
ihi	i
ija	i
we	o
e	i
θ	r
ʔs	s
ʔr	s
hs	s
hr	s
r	s
je	i
ja	i
r	n
θ	ɬ
ʃ	ɬ
k	x
e	o
ʔ	h
we	o
r	s
h	ʔ
s	ʔ
tʃ	ʔ
θ	ʔ
r	ʃ
e	i
je	i
wa	o
s	θ
r	l
ʃ	s
a	ə
a	i
a	u
u	a
a	ə
e	ə
o	ə
æ	ə
u	ua
y	u
y	ə
ø	ə
ø	u
a	i
æ	i
e	i
ø	i
i	i
y	i
o	u
e	ə
e	a
i	i
i	ə
o	ə
u	ə
æ	a
ø	ə
ø	u
y	u
y	ə
b	p
b	w
tʃ	t
tʃ	t
dʒ	d
tʃ	s
dʒ	j
ɡ	k
ʃ	s
z	s
n	m
ŋ	m
r	t
r	r
r	t
l	n
l	n
l	r
l	s
p	ɸ
ɸ	w
e	je
we	je
au	ɔ
iu	ju
uu	u
eu	jo
ou	o
ɸ	h
ɔ	o
t	r
d	r
k	k
k	h
b	p
d	t
tʃ	tʃ
dʒ	tʃ
ɡ	k
ʃ	s
z	s
n	n
ŋ	n
l	n
l	n
l	r
l	r
a	a
a	i
a	a
a	e
a	a
a	i
a	e
a	a
a	o
a	u
e	a
e	e
o	o
o	u
o	u
æ	a
ø	a
ø	o
ø	u
y	o
y	u
y	i
a	a
a	i
e	e
e	ja
i	e
i	i
o	ø
o	y
o	o
u	o
u	u
u	y
æ	i
æ	a
æ	e
ø	e
ø	ø
y	ø
y	y
y	o
y	u
i	e
a	a
a	e
e	e
e	i
u	y
u	ø
æ	i
æ	e
ø	i
ø	e
ø	ø
y	ø
y	y
y	o
y	u
e	y
e	ø
e	y
e	ø
e	o
e	o
a	a
a	i
a	e
e	a
e	e
o	u
i	o
i	u
æ	e
ø	ø
ø	y
ø	o
ø	u
y	o
y	u
a	a
a	o
a	u
e	e
e	a
æ	a
æ	o
æ	u
ø	e
ø	i
ø	u
y	i
y	o
y	u
y	y
y	ø
b	h
p	h
p	j
p	b
p	h
p	b
p	h
p	b
t	d
t	tʃ
t	tʃ
d	dʒ
tʃ	dʒ
tʃ	d
ɡ	h
k	ɡ
k	ɡ
z	s
ʃ	tʃ
ʃ	s
n	dʒ
n	j
n	n
ŋ	ɡ
ŋ	n
ŋ	m
ŋ	n
ŋ	ŋ
ŋ	h
l	n
l	l
l	dʒ
l	d
j	j
j	h
o	o
o	u
æ	i
u	o
u	u
ø	o
ø	u
y	o
y	u
æ	ia
y	u
æ	i
ø	o
ø	u
æ	i
æ	ia
ø	o
ø	u
y	i
u	o
æ	u
ø	i
ø	i
u	o
u	u
æ	o
æ	u
y	o
y	u
ø	ia
p	b
t	dʒ
t	d
k	k
k	ɡ
k	ɡ
k	x
k	x
k	k
z	s
a	a
a	ʌ
ø	a
e	a
e	ʌ
e	e
i	ɯ
i	i
u	u
u	o
æ	ia
æ	ja
æ	ɛ
ø	ia
ø	ja
y	ɯ
y	i
e	ja
ø	ʌ
i	e
a	ɛ
a	a
e	ɛ
i	ɛ
o	ø
o	o
u	y
u	u
æ	ia
æ	ja
æ	ɛ
ø	ia
ø	ja
y	y
y	ø
æ	a
æ	ʌ
a	o
a	ja
a	aj
e	ʌ
e	ɜ
i	ɯ
æ	ia
æ	ja
ø	o
ø	u
y	u
y	o
e	ɛ
e	a
e	ʌ
i	ɯ
i	i
æ	e
æ	a
ø	u
ø	o
y	ɯ
t	d
t	d
tʃ	d
k	ɡ
ʃ	tʃ
ʃ	s
m	b
n	j
n	j
ʒ	j
dʒ	j
d	j
n	j
p	ɸ
ɸ	h
d	t
ɡ	k
d	j
n	j
s	ʃ
r	z
n	j
b	m
n	n
d	t
ɣ	x
d	t
b	v
v	w
ɡm	mɡ
rɡ	ɡr
rd	dr
ɣ	w
eb	ew
æb	ew
ub	uw
d	j
ɡ	j
d	ð
ð	j
ɡ	w
ew	øj
øj	yj
æ	e
s	tʃ
s	ç
a	æ
f	w
f	p
ŋ	ɡ
tʃ	ʃ
j	dʒ
dʒ	ʒ
b	m
uw	u
ɯw	u
iw	y
yw	y
aw	o
æw	ø
ew	ø
æ	ɑ
j	dʒ
x	q
nj	jn
e	i
e	i
e	je
ɤ	je
o	wo
oɡ	ɥø
ø	o
øɡ	ø
iɡ	i
aɡ̌	ɰa
ab	ɰa
aɡ̌ɯ	ɰa
ab	ɰa
oɡ̌	wo
aɡ̌u	wo
ob	wo
aɡ̌u	wo
uɡ̌	u
ub	u
iɡ̌	ɯ
ɯ	i
eɡ	je
eɡ	i
eɡ	ji
d	t
ʃ	s
z	s
z	h
ʃ	h
j	s
s	h
c	s
t	h
k	x
ɡ	x
m	b
n	d
pj	b
bj	b
tj	d
dj	d
cj	j
ɟj	j
ɓ	b
ɗ	d
n̥j	ɲ
nj	ɲ
ɲ̊j	ɲ
ɲj	ɲ
əp	t
əb	t
həp	t
həb	t
tɹ	t
b	p
t	t
d	t
t	t
d	t
k	k
ɡ	k
əp	β
əb	β
həp	β
həb	β
ət	d
əd	d
hət	d
həd	d
əc	ɟ
əɟ	ɟ
həc	ɟ
həɟ	ɟ
ək	ɡ
əɡ	ɡ
hək	ɡ
həɡ	ɡ
pj	β
bj	w
tj	d
dj	d
cj	ɟ
ɟj	ɟ
ɓ	m
ɗ	n
n̥j	ɲ
nj	ɲ
ɲ̊j	ɲ
ɲj	ɲ
tʃ	ω
ə	b
p	b
p	b
həp	b
d	t
d	t
ɡ	k
s	t
s	t
ək	ɟ
əɡɦj	ɟ
l	j
c	t
ɲ	n
a	ɨə
ɔ	uə
p	f
k	x
β	v
w	v
d	z
ɟ	z
ɹ	z
bl	z
ml	mɲ
mɲ	ɲ
ω	s
c	tɕ
ɨ	i
ɛ	a
p	f
k	x
β	bj
w	bj
β	vj
w	vj
β	v
w	v
bl	ʈ
tl	ʈ
d	z
ɟ	j
ω	ʂ
c	ʈʂ
ɹ	ʐ
c	t
ɲ	n
t	k
n	ŋ
c	t
ɲ	n
ə	ɨ
ə	ɨ
ɛ	ɛə
ɛ	a
e	a
s	h
ts	t
l	n
j	d
j	t
j	d
z	j
r	r
q	h
iw	i
uj	i
aj	ej
aw	ow
aj	e
aw	ow
həs	əs
həs	ə
həs	s
həs	həs
həs	hə
həs	s
r	r
r	h
w	b
ej	i
ow	u
a	ə
h	q
iw	i
ow	o
ej	e
h	q
a	ə
d	r
r	h
h	q
ej	e
ow	o
u	o
i	e
h	q
u	i
r	l
f	h
k	ʔ
t	k
n	ŋ
w	v
t	t
d	d
z	d
z	d
d	d
r	ɡ
r	l
r	ɡ
ɲ	n
c	s
ə	a
ə	u
j	r
d	d
z	d
j	ɡ
j	d
r	ɡ
iw	uj
ə	u
d	l
d	r
j	d
j	l
z	l
z	r
j	d
r	ɡ
iw	uj
ə	u
d	l
j	d
z	l
j	l
z	r
j	d
iw	uj
ə	a
d	r
j	ɡ
z	r
z	r
r	ɡ
r	d
s	t
c	t
uj	i
iw	uj
ə	o
j	ɡ
z	d
z	d
d	d
j	d
s	h
c	h
ay	e
d	d
z	d
z	d
j	d
j	ɡ
r	ɡ
r	r
r	r
iw	uj
z	d
j	d
r	l
ɲ	n
e	u
e	i
e	u
e	a
d	r
q	k
aɪ	ɪɪ
ai	ii
t	s
s	t
s	t
t	ʔ
k	ʔ
q	k
s	ʔ
q	k
aɪ	ɪɪ
ai	ii
t	s
s	t
s	t
s	c&
b	β
β	w
ɡ	h
t	k
k	k
q	k
s	k
q	k
aɪ	ɪɪ
ai	ii
b	β
d	d
z	d
z	d
j	d
j	ɡ
c	s
iw	uj
ə	i
u	o
d	l
j	l
d	r
z	r
j	d
j	d
r	ɡ
uj	oj
iw	uj
ə	u
t	t
d	r
z	r
d	d
z	d
z	d
j	r
j	d
r	ɡ
r	l
c	s
iw	uj
a	o
e	o
a	e
ts	t
ʈ	t
ɟ͡ʝ	d
ɖ	d
l	n
ɲ	n
ʀ	r
z	j
z	j
j	d
wa	u
r	r
q	h
i	ɔj
u	ɔw
l	r
n	l
d	r
j	ɭ
ə	u
i	e
u	o
i	e
u	o
a	æ
uj	i
uj	u
iw	u
p	f
c	s
q	ʔ
k	h
b	p
dz	ts
ɟ	ʔ
l	d
ɾ	ɡ
j	dz
w	ɡ
j	t
j	d
z	j
r	r
h	ʔ
iw	i
uj	i
aj	i
aw	u
 a poa	 b poa
 b poa	 b poa
ə	a
n	ɲ
j	l
q	h
aw	əw
aj	əj
l	r
d	r
z	d
b	w
ə	u
h	o
h	h
h	w
iw	ju
uj	i
əw	i
əj	u
aw	e
aj	ó
həs	ə
həs	s
həs	hə
həs	s
ɭ	lʔ
ɭ	l
z	j
r	ʔ
r	r
h	ʔ
p	ʔ
t	ʔ
k	ʔ
b	p
d	t
ɡ	k
ij	uj
uw	uj
uw	ój
həs	ə
həs	s
həs	hə
həs	s
l	r
j	r
z	j
iw	ju
iw	i
uj	oj
əw	o
əj	e
aw	o
aj	e
aw	o
uj	i
ə	e
ə	o
p	w
wa	o
aw	o
əw	o
wə	u
j	r
l	j
t	ð
s	t
ʀ	r
ʀ	s
d	r
ɖ	ɽ
ɲ	n
n	l
dz	r
rl	l
ɟ	k
ɟ	s
t	s
t	ð
q	χ
χ	ʕ
q	ʔ
h	ʔ
h	ʔ
a	ə
ɟ	d
ɟ	d
c	s
ai	ai̯
au	au̯
ə	a
ai	ɛ
au	ɔ
i	əi̯
u	əu̯
ʀ	l
ʀ	ɾ
u	əw
i	əj
w	v
j	ɟ
iu̯	ui̯
i	ɛ
u	ɔ
ʀ	ʔ
ʀ	ɾ
a	i
i	əi̯
u	əu̯
əi̯	ai̯
əu̯	au̯
b	f
d	s
dz	s
ɡ	k
f	s
v	f
ɡ	k
ɟ	c
v	f
ɟ	c
i	iə̯
ɛ	iə̯
u	uə̯
ɔ	uə̯
k	ʔ
ə	ə
ə	a
n	l
l	n
ɾ	n
dz	d
s	t
c	t
b	p
d	t
d	l
ʀ	h
ʀ	h
s	h
i	e
u	o
l	n
s	t
b	p
d	t
dz	c
ɡ	k
i	e
i	iə
p	k
u	o
u	o
u	ɯ
a	o
k	ʔ
a	ɛ
p	c̚
t	c̚
n	ɲ
m	ɲ
ai̯	ɛ
au̯	ɔ
ui̯	e
iu̯	e
i	e
u	o
i	ɛ
u	ɔ
i	e
u	o
ŋ	ŋ̊
p	k
t	k
m	ŋ
n	ŋ
i	əj
u	əw
j	z
w	v
p	f
p	f
k	ɣ
d	r
dz	ɟ
b	p
d	t
dz	c
ɡ	k
n	ɲ
a	o
u	o
i	e
ə	a
m	n
p	t
a	e
u	uj
a	o
u	uə
i	iə
p	ʔ
t	ʔ
k	ʔ
s	h
mb	p
nts	ɡ
ns	ɡ
nz	ɡ
nɡ	ɡ
ts	s
z	s
ɡ	s
ŋk	ɡ
ŋɡ	ɡ
ɡ	k
d	r
e	o
uj	i
iw	i
aw	o
s	h
f	h
k	ʔ
t	k
ŋ	n
r	l
v	w
p	β
p	β
c	s
j	s
k	ɣ
dr	d
ɲ	n
b	p
d	t
ɡ	k
β	w
b	k
m	ŋ
l	j
s	h
r	ɡʟ
a	e
a	e
a	ɔə
a	ɔə
a	ɔ
a	ɔ
a	ə
a	ə
a	aə
a	aə
a	a
a	a
a	ə
a	ə
ea	eə
e	e
a	ə
ia	eə
i	eə
a	eə
ia	e
i	e
a	e
ia	ə
i	ə
a	ə
ia	iə
i	iə
a	iə
ia	i
i	i
a	i
ia	ə
i	ə
a	ə
oa	ɔə
o	ɔ
a	ə
ue	uə
u	u
e	ə
uo	eə
u	e
o	ə
ua	uə
u	uə
a	uə
ua	u
u	u
a	u
ua	ə
u	ə
a	ə
ua	ɵə
u	ɵə
a	ɵə
ua	ɵ
u	ɵ
a	ɵ
ua	ə
u	ə
a	ə
u	ʉ
e	ɪ
i	ɪ
p	β
p	w
k	ɣ
ndr	d
r	r
c	s
j	s
ɲ	n
t	ʔ
b	p
b	kp
d	t
ɡ	k
m	ŋm
a	ɘ
a	a
o	œ
o	œ
o	ʊ
e	ɪ
ia	ɪ
ndr	d
r	r
d	r
p	β
p	w
b	kp
k	ɣ
ɡ	k
m	ŋm
ɲ	n
c	s
j	s
s	h
r	j
o	ɔ
e	ɛ
i	ɪ
u	i
i	i
u	ʊ
a	ɛ
o	ʊ
e	ɪ
b	m
β	p
d	n
kp	k
c	s
l	n
ɲ	n
r	ʈ
t	c
ʈ	t
q	h
k	j
q	k
k	c
t	c
s	t
ʈ	t
j	h
t	l
c	j
n	̃l
n	̃
u	i
u	o
i	e
q	k
k	c
ʈ	t̪
s	t̪
pw	h
k	h
c	j
t̪	l
t̪	t
t̪	t
t	c
t	s
j	h
q	k
k	c
ʈ	t̪
s	t̪
p	f
pw	h
t	t̪
t̪	t
k	h
c	j
t̪	l
t	c
t	h
t̪	t
t̪	t
j	h
bw	ɡ
mw	ŋ
n	ɲ
n̥	ɲ̊
o	s
o	̃
f	ɸ
q	k
q	k
k	c
k	c
s	t̪
s	t̪
k	c
k	c
t	k
t̪	t
c	ʃ
c	j
k	h
pw	w
pw	vw
p	v
t	r
ʈ	l
k	ɣ
c	j
pw	w
ʈ	t
n	̃l
n	̃
pw	fw
p	f
t	r
k	x
u	i
u	i
u	o
i	e
ŋ	n
k	c
k	j
t	c
s	t̪
p	v
pw	w
pw	vw
t̪	r
ʈ	l
c	j
t̪	r
ʈ	l
pw	w
t̪	t
ʈ	t
ɴq	ŋk
q	h
j	h
w	ɣ
n	̃l
n	̃
u	i
u	o
i	e
ŋ	n
q	k
k	j
t	c
s	t
p	f
pw	h
ʈ	l
k	h
c	s
ʈ	l
j	s
j	z
s	h
bw	ɡ
mw	ŋ
q	k
k	c
ʈ	t̪
s	t̪
pw	x
k	x
c	s
t̪	c
t̪	c
t	t
t	t
pw	w
t	l
j	z
bw	ɡw
mw	ŋw
ɡw	ɡ
ŋw	ŋ
q	k
k	c
s	t̪
c	j
k	h
t	k
t	k
j	h
p	v
pw	w
t̪	ð
ʈ	l
c	j
u	o
i	e
au	ɔ
ai	ɛ
o	ɔ
a	ɛ
a	e
ŋ	n
j	θ
j	ð
j	z
t̪	t
ʈ	t
ð	l
p	v
r	l
r	l
t	l
ŋ	n
t	t
t	l
t	l
t	l
r	l
ŋ	n
ɲ	n
c	s
j	z
p	v
p	v
k	ɣ
b	p
b	p
ɡ	k
v	p
t	dr
l	n
r	w
t	ts
a	i
a	e
p	f
s	j
d	dr
s	j
d	dr
p	t
v	θ
m	n
z	s
ɲ	n
c	s
j	z
m	n̼
b	t̼
n̼	n
t̼	t
p	v
p	v
k	ɣ
b	p
b	p
v	b
d	r
ɡ	k
z	ts
dr	ts
u	i
a	e
p	v
p	w
p	w
dr	d
dr	ɟ
ɲ	ɲ
ɲ	j
t	j
t	s
l	j
t	s
p	v
t	r
t	r
t	t
t	r
t	t
r	l
ɲ	n
ŋ	n
t	s
r	j
l	j
bw	b
t	t
t	r
t	k
dr	ɟ
d	ɟ
ɲ	n
p	v
p	p
s	r
r	r
t	s
t	k
r	l
bw	b
ŋ	ŋ
ŋ	ɡ
p	v
p	b
t	s
r	l
s	s
s	d
s	c
t	s
t	l
r	l
s	r
r	l
p	b
p	b
p	v
p	v
k	ɣ
r	r
dr	d
dr	r
ɲ	j
n	ŋ
n	ŋ
c	s
t	c
q	kw
kw	v
a	e
a	ə
t	s
v	h
v	h
b	p
b	p
ɡ	k
s	h
θ	i
d	tʃ
c	s
j	s
n	ɲ
ŋ	ɲ
w	v
l	tʃ
i	e
o	e
u	o
i	o
u	e
u	e
ai	i
ei	i
ua	ou
au	u
au	o
e	i
e	i
a	o
a	o
v	p
v	f
v	f
r	l
s	h
c	s
j	s
o	a
u	o
i	e
a	i
l	r
b	p
d	t
ɡ	k
b	m
d	n
ɡ	ŋ
b	mp
d	nt
ɡ	ŋk
f	p
f	v
k	ɣ
ɣ	k
s	h
i	e
i	e
e	o
e	o
a	o
a	e
ə	o
ə	e
l	l
nr	d
b	m
d	n
ɡ	ŋ
b	p
d	t
ɡ	k
p	b
u	e
s	h
t	h
t	r
ə	i
v	k
w	k
s	h
s	z
c	s
c	z
j	z
ɡ	k
l	r
o	u
o	ə
e	i
a	o
a	o
a	e
a	ə
t	r
b	p
b	p
d	t
s	h
p	f
h	f
v	f
h	f
p	f
h	f
v	f
h	f
u	e
u	i
ə	a
ə	e
r	l
r	i
t	r
b	p
b	p
d	t
k	w
k	u
ɣ	k
r	l
c	s
j	z
j	s
z	t
s	h
p	f
h	f
v	f
h	f
p	f
h	f
v	f
h	f
k	p
k	w
k	u
v	w
v	u
ɣ	ŋ
r	l
r	i
d	t
d	k
z	r
s	h
c	s
t	r
b	p
b	p
d	t
ɣ	k
r	l
c	s
j	s
s	h
p	f
h	f
v	f
h	f
p	f
h	f
v	f
h	f
u	e
u	i
ə	a
r	l
r	i
d	r
b	p
b	p
d	t
ɣ	ŋ
c	s
j	z
j	s
s	h
z	r
p	β
p	w
k	ɣ
ndr	d
r	r
c	s
j	s
ɲ	n
t	ʔ
β	f
β	f
b	kp
ɡ	k
m	ŋm
ai	a
a	a
i	a
ai	a
a	a
i	a
ai	ɛ
a	ɛ
i	ɛ
ai	ɛ
a	ɛ
i	ɛ
au	ɔ
a	ɔ
u	ɔ
au	ɔ
a	ɔ
u	ɔ
au	a
a	a
u	a
au	a
a	a
u	a
au	ɛ
a	ɛ
u	ɛ
au	ɛ
a	ɛ
u	ɛ
ao	a
ao	a
ae	a
ae	a
a	a
a	a
o	a
o	a
a	a
a	a
e	a
e	a
o	ɔ
a	ɔ
oa	uɔ
ae	iɛ
ea	iɛ
o	ʊ
e	ɪ
b	m
d	n
a	ɜ
f	ɰ
f	j
i	ɨ
u	ɨ
e	ɜ
o	ɜ
t	t
ts	t
c	r
ç	tᵚ
s	tᵚ
ɲ	n
q	k
q	k
ku	k
qu	k
k	k
k	w
c	c
s	c
s	c
u	u
u	o
a	a
a	e
ə	e
ɟ	ɟ
ɟ	j
ɡ	ɟ
ɡ	ɡ
r	l
r	r
z	c
e	ə
aj	e
n	ŋ
k	h
k	h
ɡ	j
e	e
e	ə
e	o
p	b
n	ŋ
d	r
p	b
aw	o
e	e
e	ə
e	o
ɡd	d
ɡl	l
d	ɖ
z	ɟ
l	ɭ
l	ʎ
b	v
b	b
d	z
s	s
s	t
c	ts
c	t
ɟ	d
q	ʔ
ɭ	l
w	v
k	ʔ
r	ɣ
t	t
c	t
d	d
z	d
d	ɖ
r	r
r	ʔ
l	ɭ
l	l
s	s
s	θ
d	ð
ð	j
d	c
j	z
r	r
l	l
l	r
p	h
dz	ts
dz	z
dʒ	ts
dʒ	dʒ
ts	tʃ
st	tʃ
tɬ	tɬ
tɬ	tɬ
dɮ	tɬ
k	x
ɢ	q
ɢ	ɣ
ts	s
st	s
dz	ts
dz	z
st	s
dʒ	tʃ
dʒ	dʒ
tɬ	ɬ
dʒ	tɬ
q	x
ɢ	q
ɢ	ɣ
ts	sh
ts	tʃ
ts	ts
ts	ts
dz	ts
st	ts
st	ts
tʃ	ts
tʃ	ts
tʃ	tʃ
tʃ	tʃ
dʒ	ts
tɬ	ɬ
tɬ	t
tɬ	tɬ
tɬ	tɬ
q	x
q	q
q	ɡh
q	q
q	ɡh
ɢ	q
s	s
s	ʃ
s	x
x	x
x	h
m	m
m	n
ts	ts
st	ts
ts	z
dz	ts
st	s
tʃ	ts
tʃ	tʃ
tʃ	ʒ
dʒ	ts
tɬ	k
tɬ	x
tɬ	k
tɬ	k
tɬ	ɡ
tɬ	ɡ
tɬ	q
tɬ	q
q	ʕ
ʃ	s
ʃ	ʃ
ɬ	x
ɬ	x
ɬ	ʃ
b	b
b	v
d	z
ts	ts
st	ts
ts	ts
dz	ts
tʃ	tʃ
dʒ	tʃ
tʃ	tʃ
dʒ	tʃ
tɬ	k
tɬ	k
tɬ	x
tɬ	k
tɬ	ɡ
tɬ	k
tɬ	k
dɮ	k
k	k
k	ɡ
ɡ	k
ɡ	k
q	q
ɢ	q
s	h
ɬ	x
ɬ	x
r	n
b	p
b	b
d	t
d	d
ts	s
st	s
dz	ts
dz	z
st	ts
tʃ	ts
tʃ	tʃ
tʃ	ts
tʃ	tʃ
dʒ	tʃ
dʒ	tʃ
tɬ	x
tɬ	x
tɬ	k
tɬ	k
dɮ	k
dɮ	l
ɡ	k
q	q
q	j
ɡ	q
ɡ	ɣ
ʃ	s
ɬ	x
ɬ	ʃ
ɬ	x
m	m
m	n
q	x
q	q
ɢ	ɣ
b	b
b	w
d	d
d	z
ts	s
st	ts
ts	ts
ts	tʃ
ts	t
st	s
dz	z
tɬ	x
tɬ	x
tɬ	k
tɬ	k
dɮ	j
dɮ	x
ɬ	x
ɬ	x
m	m
m	b
d	r
d	d
d	t
ts	s
st	s
ts	s
ts	ʃ
st	s
dz	ts
tʃ	ʃ
tʃ	ʃ
dʒ	tʃ
tɬ	ɬ
tɬ	ɬ
tɬ	ɬ
tɬ	k
dɮ	tɬ
k	x
ɡ	k
ɡ	ɡ
ɢ	q
ɣ	q
q	x
q	q
q	q
s	s
s	h
b	p
b	b
d	t
d	d
ts	ʃ
st	tʃ
ts	tʃ
ts	tʃ
ts	tʃ
ts	dʒ
tɬ	x
tɬ	ɣ
tɬ	ɡ
tɬ	q
tɬ	k
tɬ	k
dɮ	k
dɮ	ɣ
k	ɣ
ɡ	k
ɣ	q
ɣ	ɣ
q	q
q	q
ʃ	ɣ
ɬ	j
ɬ	ʃ
x	ɣ
b	b
b	w
d	d
d	z
ts	s
st	ts
ts	d
ts	t
dz	z
tʃ	ʃ
tʃ	tʃ
tʃ	ʃ
tɬ	x
tɬ	q
tɬ	q
tɬ	q
dɮ	w
dɮ	x
dɮ	j
k	x
q	q
q	q
s	ħ
s	x
ɬ	s
ɬ	h
m	m
m	b
b	b
b	w
d	d
d	z
ts	s
st	ts
ts	ts
ts	tʃ
tʃ	ʃ
tʃ	tʃ
tʃ	tʃ
tʃ	dʒ
tʃ	tʃ
tʃ	tʃ
tʃ	tʃ
tʃ	tʃ
tɬ	x
tɬ	ɣ
tɬ	ɡ
tɬ	k
tɬ	k
dɮ	ɣ
k	q
ɬ	x
ʃ	ʃ
ɬ	ʃ
m	m
m	b
ts	tʃ
ts	ts
ts	tʃ
dz	z
dʒ	dʒ
dʒ	tʃ
tɬ	q
tɬ	q
dɮ	ɣ
dɮ	l
k	q
ɢ	ɣ
ɬ	x
x	x
ɬ	x
x	x
st	st
st	st
ts	t
tʃ	t
dz	t
dʒ	t
tɬ	x
tɬ	x
tɬ	q
tɬ	ʕ
k	xk
k	xk
l	r
r	d
ts	s
st	s
ts	ts
dz	ts
tʃ	ʃ
tʃ	tʃ
dʒ	tʃ
tɬ	ɬ
ɢ	q
s	z
l	l
l	r
ts	z
tɬ	l
ts	s
tɬ	ɬ
ɡ	k
q	x
q	x
ʃ	ʒ
ɬ	l
x	ɣ
p	p
p	p
p	b
b	b
p	b
b	b
b	f
p	ts
b	dz
t	d
t	dw
ts	dz
ts	tʃ
z	dz
z	z
ts	tʃ
dz	dʒ
dz	ʒ
tʃ	ts
tʃ	ts
dʒ	dz
ʃ	s
ʃ	s
ʃ	s
ʒ	s
tɕ	dz
tɕ	dz
tɕ	tɕ
ɕ	ʃ
ɕ	ʃ
ʑ	ʒ
tʃ	z
dʒ	dz
dʒ	z
ʃ	s
ʒ	z
tɕ	tʃ
tɕ	tʃ
tɕ	dʒ
tɕ	ʒ
ɕ	ʃ
ɕ	ʃ
ʑ	ʒ
tɬ	x
tɬ	ts
tɬ	x
tɬ	ts
dɮ	l
ɬ	x
tɬ	x
tɬ	ɕ
dɮ	ɣ
ɬ	ɕ
ɬ	ɕ
ɬ	ɕ
ɮ	ʑ
l	r
l	l
l	ɣ
tɬ	ts
tɬ	ts
tɬ	ts
tɬ	ts
dɮ	l
ɬ	ʃ
ɬ	ʃ
tɬ	tʃ
tɬ	ʒ
tɬ	tʃ
dɮ	dʒ
ɬ	ʃ
ɬ	ʃ
ɬ	ʃ
ɮ	ʒ
k	ɡ
x	s
ɣ	z
q	ħ
ɢ	ɣ
χ	ħ
χ	ħ
ʁ	ʕ
ʁ	ʕ
ɢ	ɣ
q	ħ
ɢ	ɣ
χ	ħ
ʁ	ʕ
q	ħ
q	ħ
ɢ	ɣ
ɢ	ɣ
q	ʕ
χ	ħ
χ	ħ
ʁ	ʕ
ʁ	ʕ
q	ʕ
q	ħ
ʁʕ	ʕ
q	ʔ
q	ħ
q	ħ
χ	ħ
ʁ	ʕ
q	ħ
q	ʕ
q	q
q	q
χ	ħ
ʁ	ħ
q	ʕ
q	ħ
ʁ	ʕ
tʃ	f
tʃ	f
tɕ	ts
tɕ	ts
dʒ	v
dʑ	dz
ɕ	s
ʑ	z
ʕ	aa
ʕ	a
ʕ	a
ʕ	ɥ
t	t
t	t
t	p
t	p
t	t
t	t
t	p
t	p
t	t
t	t
t	p
t	p
t	t
t	t
t	p
t	p
d	d
d	b
tʃ	ts
tʃ	ts
tɕ	ts
tɕ	ts
tʃ	ts
tʃ	ts
tɕ	ts
tɕ	ts
dʒ	dz
dʑ	dz
tɕ	tɕ
tɕ	tɕ
tɕ	tʃ
tɕ	tʃ
tɕ	tɕ
tɕ	tɕ
tɕ	tʃ
tɕ	tʃ
tɕ	tɕ
tɕ	tɕ
tɕ	tʃ
tɕ	tʃ
tɕ	tɕ
tɕ	tɕ
tɕ	tʃ
tɕ	tʃ
tɕ	tɕ
tɕ	tɕ
tɕ	tʃ
tɕ	tʃ
tɕ	tɕ
tɕ	tɕ
tɕ	tʃ
tɕ	tʃ
tɕ	tɕ
tɕ	tɕ
tɕ	tʃ
tɕ	tʃ
tɕ	tɕ
tɕ	tɕ
tɕ	tʃ
tɕ	tʃ
dʑ	dʑ
dʑ	dʒ
dʑ	dʑ
dʑ	dʒ
ɕ	s
ʑ	z
ʃ	ɕ
ʃ	ʃ
ʃ	ɕ
ʃ	ʃ
ʃ	ɕ
ʃ	ʃ
ʃ	ɕ
ʃ	ʃ
ʒ	ʑ
ʒ	ʒ
ʒ	ʑ
ʒ	ʒ
ʒ	ʑ
ʒ	ʒ
ʒ	ʑ
ʒ	ʒ
ɕ	ɕ
ɕ	ʃ
ɕ	ɕ
ɕ	ʃ
ʑ	ʑ
ʑ	ʒ
ʑ	ʑ
ʑ	ʒ
t	tɕ
d	tɕ
t	tɕ
d	tɕ
t	tʃ
d	tʃ
t	tʃ
d	tʃ
t	tɕ
d	tɕ
t	tɕ
d	tɕ
t	tʃ
d	tʃ
t	tʃ
d	tʃ
t	tɕ
d	tɕ
t	tɕ
d	tɕ
t	tʃ
d	tʃ
t	tʃ
d	tʃ
t	tɕ
d	tɕ
t	tɕ
d	tɕ
t	tʃ
d	tʃ
t	tʃ
d	tʃ
t	tɕ
d	tɕ
t	tɕ
d	tɕ
t	tʃ
d	tʃ
t	tʃ
d	tʃ
t	tɕ
d	tɕ
t	tɕ
d	tɕ
t	tʃ
d	tʃ
t	tʃ
d	tʃ
t	tɕ
d	tɕ
t	tɕ
d	tɕ
t	tʃ
d	tʃ
t	tʃ
d	tʃ
t	tɕ
d	tɕ
t	tɕ
d	tɕ
t	tʃ
d	tʃ
t	tʃ
d	tʃ
t	tɕ
d	tɕ
t	tɕ
d	tɕ
t	tʃ
d	tʃ
t	tʃ
d	tʃ
t	tɕ
d	tɕ
t	tɕ
d	tɕ
t	tʃ
d	tʃ
t	tʃ
d	tʃ
t	tɕ
d	tɕ
t	tɕ
d	tɕ
t	tʃ
d	tʃ
t	tʃ
d	tʃ
t	tɕ
d	tɕ
t	tɕ
d	tɕ
t	tʃ
d	tʃ
t	tʃ
d	tʃ
t	tɕ
d	tɕ
t	tɕ
d	tɕ
t	tʃ
d	tʃ
t	tʃ
d	tʃ
t	tɕ
d	tɕ
t	tɕ
d	tɕ
t	tʃ
d	tʃ
t	tʃ
d	tʃ
t	tɕ
d	tɕ
t	tɕ
d	tɕ
t	tʃ
d	tʃ
t	tʃ
d	tʃ
t	tɕ
d	tɕ
t	tɕ
d	tɕ
t	tʃ
d	tʃ
t	tʃ
d	tʃ
tʃ	f
tʃ	p
dʒ	ts
dʒ	ts
tɕ	v
tɕ	v
dʑ	dz
ɕ	s
ʑ	z
ʕ	aa
ʕ	a
ʕ	a
ʕ	a
ʕ	ɥ
q	χ
q	χ
tʃ	p
tʃ	f
dʒ	v
ʕ	aa
ʕ	a
ʕ	a
ʕ	ɥ
q	χ
q	χ
tʃ	f
tʃ	f
tɕ	ts
tɕ	ts
dʒ	v
dʑ	dz
ɕ	s
ɕ	ʃ
ʑ	z
ʑ	ʒ
ʕ	aa
ʕ	a
ʕ	a
ʕ	a
ʕ	ɥ
q	χ
q	χ
tʃ	f
tʃ	p
tɕ	ts
tɕ	ts
dʒ	v
dʑ	dz
ɕ	s
ɕ	ʃ
ʑ	z
ʑ	ʒ
ʕ	aa
ʕ	a
ʕ	a
ʕ	a
ʕ	ɥ
q	χ
q	χ
tʃ	f
tʃ	f
tɕ	ts
tɕ	ts
dʒ	v
dʑ	dz
ɕ	s
ɕ	ʃ
ɕ	ɕ
ʑ	z
ʑ	ʒ
ʑ	ʑ
ʕ	aa
ʕ	a
ʕ	a
ʕ	ɥ
q	χ
q	χ
tʃ	f
tʃ	f
tɕ	ts
tɕ	ts
dʒ	v
dʑ	dz
ɕ	s
ʑ	z
ʕ	aa
ʕ	a
ʕ	a
ʕ	ɥ
q	χ
q	χ
f	x
p	t
p	t
p	t
b	d
p	t
p	t
b	d
r	t
l	tħ
l	ɮ
t	ts
t	ts
ts	s
ts	c
dz	dz
dz	z
ts	s
dz	dz
dz	z
ts	s
l	d
q	q
q	q
tʃ	s
tʃ	ts
tʃ	ts
dʒ	dz
dʒ	z
dʑ	dʑ
dʑ	ʑ
ʃ	s
ʃ	s
ʃ	s
ɕ	ʃ
ɕ	ʃ
ʑ	ʒ
tʃ	tɕ
tʃ	tɕ
tʃ	tɕ
dʒ	dʑ
dʒ	ʑ
tc	tʃ
tc	tʃ
tɕ	tʃ
ɕ	s
ɕ	ʃ
ʑ	z
ɬ	ɕ
ɬ	ɕ
tɬ	tɕ
tɬ	tɕ
tɬ	tɕ
dɮ	tħ
tɬ	tɕ
dɮ	ɣ
tɬ	tʃ
tɬ	tʃ
tɬ	tʃ
dɮ	ħ
ɬ	x
ɬ	x
ɬ	ɕ
tɬ	x
tɬ	tɕ
tɬ	tɕ
dɮ	ɮ
ɬ	x
ɬ	x
ɬ	x
ɬ	x
ɬ	x
ɬ	x
ɮ	ɣ
x	ɕ
ɣ	ʑ
x	x
x	x
ɣ	ʁ
ɣ	ʁ
ɢ	ʁ
q	ʔ
ɢ	ʁ
q	ʔ
q	q
q	q
q	ħ
χ	ħ
q	ʔ
ʁ	j
q	q
q	q
q	ħ
q	ʔ
q	ʔ
ʁ	w
ʁ	ʁ
ts	tɕ
tʃ	ʃ
tɕ	ʂ
ʔ	ʔ
ʔ	ʔ
q	ʔ
q	ʔ
ʔ	ʔ
ʔ	ʔ
q	ʔ
q	ʔ
ʔ	ʔ
ʔ	ʔ
q	ʔ
q	ʔ
ʔ	ʔ
ʔ	ʔ
q	ʔ
q	ʔ
dɮ	ɣ
dz	dʑ
dz	ʑ
ts	ɕ
ts	ʃ
s	ɕ
s	ʃ
ɕ	ɕ
ɕ	ʃ
x	f
x	ɸ
χ	ħ
ɮ	l
z	ʑ
z	ʒ
ts	tɕ
ts	tɕ
ts	tʃ
ts	tʃ
tʃ	ɕ
k	tʃ
q	q
qχ	q
q	q
qχ	q
tʃ	ʔaj
tʃ	ʔ
tɬ	ɬ
tʃ	ɕ
ʃ	ʃ
k	tʃ
s	ts
ʃ	ʃ
ɕ	ʃ
ts	tɕ
ts	tɕ
k	tʃ
k	tʃ
k	tʃ
ɡ	dʑ
q	q
χ	q
q	q
qχ	q
ts	ɕ
ʃ	ʃ
tɬ	ɬ
s	ts
ʃ	ʃ
ɕ	ʃ
ts	tɕ
ts	tɕ
ts	tʃ
tʃ	ʃ
tɕ	ʂ
ts	tʃ
ts	tʃ
tc	tɕ
q	χ
qχ	q
q	χ
qχ	q
p	p
p	p
t	t
t	t
ts	ʂ
ʃ	ʂ
tɬ	ɬ
ʃ	ʂ
ɕ	ʂ
ts	tɕ
ts	tɕ
k	tʃ
k	tʃ
k	tʃ
ɡ	dʑ
q	q
qχ	q
q	q
qχ	q
ts	ɕ
ts	ʃ
ts	ɕ
ʃ	ʃ
tɬ	ɬ
ɣ	ɣ
ɣ	ɡ
s	ts
ʃ	ʃ
ɕ	ʃ
ts	ɕ
ts	ɕ
ts	f
tʃ	ʃ
tɕ	ʃ
k	tʃ
ʔ	ʔ
q	ʔ
p	b
t	d
ts	dz
ts	v
ʃ	ɕ
tʃ	ʒ
tɕ	ʒ
k	dʒ
q	ɡ
qχ	ɡ
dɮ	ʒ
dz	ʑ
dz	v
dz	w
dʑ	ʒ
ɡ	dʒ
ts	ɕ
tʃ	f
ʃ	f
tʃ	ɕ
tɕ	ɕ
tɕ	cç
tɬ	ɬ
k	tʃ
s	f
z	v
ʃ	ɕ
ʂ	ɕ
ʑ	ʑ
ʐ	ʑ
ɣ	ʑ
ʑ	ʑ
ʑ	ʒ
ʂ	ɕ
ʃ	ʒ
s	ts
s	ts
ʃ	ɕ
ɕ	ɕ
p	t
p	t
b	d
p	t
p	f
b	f
p	t
p	d
p	t
b	d
p	t
p	v
p	b
r	d
l	d
l	r
l	l
l	ɣ
r	r
r	ʁ
r	ɮ
ts	ts
ts	ts
z	dz
z	dz
z	z
z	z
z	dz
z	dz
z	z
z	z
z	dz
z	dz
z	z
z	z
z	dz
z	dz
z	z
z	z
z	dz
z	z
s	tʃ
z	ʒ
ts	tʃ
dz	dʒ
tʃ	ts
tʃ	ts
dʒ	dz
ʃ	s
ʃ	s
ʃ	s
ʒ	z
ʃ	ʃ
ʃ	ʃ
tɕ	tɕ
tɕ	tɕ
ɕ	ʃ
ɕ	s
ʑ	ʒ
tɬ	ɕ
tɬ	s
tɬ	ts
dɮ	ɮ
ɬ	s
ɬ	s
tɬ	ɕ
dɮ	ɕ
ɬ	ɬ
ɬ	ɬ
ɬ	ɬ
ɮ	ʑ
tɬ	ts
ɮ	ɮ
l	ɮ
tɬ	ts
tɬ	ts
tɬ	ts
tɬ	ts
dɮ	w
ɬ	s
ɬ	s
ɬ	s
tɬ	f
tɬ	dʑ
tɬ	ts
dɮ	dʒ
ɬ	ʃ
ɬ	ʃ
ɬ	ʃ
ɮ	ʒ
x	ɕ
ɣ	ɣ
ɣ	ʁ
x	s
ɣ	z
k	ɡ
k	ɡ
x	k
ɣ	x
ɣ	x
ɣ	ʁ
ɢ	ʁ
χ	x
ɢ	ʁ
q	x
ɢ	ʁ
q	q
q	q
q	χ
q	q
q	q
ʁ	w
r	r
 glottalized	r
r	 glottalized
r	r
 glottalized	o
o	 ejective
k	tʃ
s	ʔ
q	q
q	k
k	k
k	t
k	kʃ
k	t
w	v
w	v
ʃk	k
t	t
t	ʈ
rt	ʈ
p	v
s	t
s	j
r̀	r̲
ŕ	r
n	n̲
n	r
n	n̲
n	n̲
rn	ɳ
n	n̲
n	n̲
nr̀	n̲r̲
l	l
l	ɭ
l	ɭ
l	ɭ
l	ɭ
e	e
e	i
w	ú
ŋk	k
ŋk	k
mp	p
mp	p
c	s
ɲc	ns
r̀	r
ŕ	r
nr̀	nr
l	n
v	m
aj	e
avu	aw
aji	aj
i	e
u	o
e	ɛ
am	õ
an	æ̃
a	ã
m	ã
a	ã
n	ã
om	ɔ̃
on	ɔ̃
em	ɛ̃
en	ɛ̃
o	õ
m	õ
o	õ
n	õ
e	ẽ
m	ẽ
e	ẽ
n	ẽ
um	ũ
l	l
l	ʉ
ɭ	ɭ
ɭ	ʉ
r	ɾ
ɽ	ɭ
i	ɨ
u	ʉ
n	ŋ
i	u
i	u
e	o
e	o
j	j
j	i
t	c
nt	ɲc
ʈk	k
n	n̪
t	t̪
ɳ	n
ɭ	l
c	s
c	tʃ
o	u
e	i
i	u
i	u
e	o
e	o
e	e
ə	e
o	o
ə	o
a	i
u	a
p	h
v	m
v	w
t	n
ð	n
ð	t
z	s
z	ð
l̥	l
m	w
n	t
dʒ	ð
dʒ	ð
ð	t
z	s
ɣ	k
ʁ	q
l̥	l
t	s
ə	i
ə	u
ə	a
ɣ	k
ʁ	q
m	v
n	t
ŋ	ɣ
l̥	t
v	p
v	p
ʁ	q
v	p
ɣ	k
ʁ	q
p	m
v	m
t	n
k	ŋ
ɣ	ŋ
dʒ	ʁ
ədʒ	i
adʒ	i
ə	u
ə	a
t	s
ə	i
dʒ	tʃ
tʃ	s
m	p
n	t
ŋ	k
t	n
ɣ	ŋ
k	ŋ
ɣ	ŋ
q	ŋ
ʁ	ŋ
k	ŋ
ʁ	ŋ
q	ŋ
m	v
n	t
ŋ	ɣ
l̥	ʁ
v	p
ʁ	q
v	p
ɣ	k
ʁ	q
p	m
v	m
t	n
k	ŋ
ɣ	ŋ
s	f
s	f
lʁ	ʁl
iv	uj
dʒ	tʃ
ədʒ	i
adʒ	i
ə	u
ə	a
ə	i
ɣ	k
ʁ	q
m	v
n	t
ŋ	ɣ
l̥	t
v	p
v	p
ʁ	q
p	m
v	m
t	n
k	ŋ
ɣ	ŋ
ədʒ	i
adʒ	i
ə	u
ə	a
ə	i
v	u
ɣ	u
p	v
k	ɣ
q	ʁ
s	z
ɣ	k
ʁ	q
m	v
n	t
ŋ	ɣ
l̥	t
v	p
v	p
ʁ	q
v	p
ɣ	k
ʁ	q
p	m
v	m
t	n
k	ŋ
ɣ	ŋ
v	u
dʒ	ʁ
ədʒ	i
adʒ	i
ɣ	u
s	ts
ɣ	k
ʁ	q
ə	a
t	s
i	ii
a	aa
u	uu
ə	i
iv	j
s	dʒ
dʒa	dʒu
in	dʒ
s	ts
ɣ	x
ʁ	χ
ə	a
v	f
ʁ	χ
t	s
i	ii
a	aa
u	uu
ə	i
iv	j
s	dʒ
in	dʒ
s	ts
ts	tʃ
ɣ	k
ʁ	q
ə	a
t	s
u	a
ə	i
iv	j
s	dʒ
in	dʒ
s	ts
ɣ	k
ʁ	q
ə	a
v	ft
t	s
i	ii
a	aa
u	uu
ə	i
iv	j
s	dʒ
in	dʒ
p	b
k	ɡ
p	f
t	s
t	h
e	i
e	æ
e	æ
e	ə
ə	o
ə	e
ə	æ
a	æ
a	æ
o	e
p	b
k	ɡ
p	f
b	p
t	s
t	h
d	l
e	i
e	æ
e	æ
e	ə
ə	o
ə	e
ə	æ
a	æ
a	æ
o	e
p	b
k	ɡ
p	f
t	s
t	h
d	l
e	i
e	æ
e	æ
e	ə
ə	o
ə	e
ə	æ
a	æ
a	æ
o	e
p	b
k	ɡ
s	t
e	i
e	æ
e	æ
e	ə
ə	o
ə	e
ə	æ
a	æ
a	æ
o	e
d	r
e	ə
oi	oe
o	e
d	ð
d	ð
ḱ	s
ḱ	k
ḱ	ts
ḱ	tʃ
ḱ	θ
k	s
k	c
ɡ́	d
ɡ́	d
ɡ	ɡ
ɡ	z
ɡ́	dh
ɡ́	dh
s	ɟ
s	ʃ
sd	θ
sḱ	h
sp	f
st	ʃt
s	θ
s	h
i̯	ɟ
i̯	j
i̯	h
u̯	v
n	nasal
n	ɲ
l	l
l	l
r	r
r	r
m̩	e
n̩	e
l̩	uj
r̩	ri
r̩	ir
e	o
o	e
u	y
u	i
a	a
a	e
e	e
e	je
i	e
i	i
o	a
c	tʃ
ɟ	dʒ
d	ð
d	ð
ḱ	s
ḱ	k
ḱ	ts
ḱ	tʃ
ḱ	θ
k	s
k	c
ɡ́	d
ɡ́	d
ɡ	ɡ
ɡ	z
ɡ́	dh
ɡ́	dh
s	ɟ
s	ʃ
sd	θ
sḱ	h
sp	f
st	ʃt
s	θ
s	h
i̯	ɟ
i̯	j
i̯	h
u̯	v
n	ɲ
n	ɾ
l	l
l	ɫ
r	ɾ
r	r
m̩	e
n̩	e
l̩	uj
r̩	ri
r̩	ir
e	o
o	e
u	y
u	i
a	a
a	e
e	e
e	je
i	e
i	i
o	a
c	tʃ
ɟ	dʒ
eh	æ
ei	ɛ
eu	u
h	r
t	d
t	d
t	d
t	d
t	z
h	s
s	s
sh	s
h	s
s	s
sh	s
h	s
s	s
sh	s
h	s
s	s
sh	s
d	t
t	t
t	lenis
t	t
t	fortis
d	t
d	lenis
h	hh
ḱ	k
o	a
o	a
æ	e
e	i
e	a
e	a
t	ts
d	s
w	m
w	m
aj	ɛ
aw	u
d	t
t	t
t	lenis
t	t
t	fortis
d	t
d	lenis
h	hh
ḱ	z
k	w
ḱ	j
k	j
ɡ	dʒ
e	i
e	a
o	a
o	a
d	r
l	r
hh	h
hh	h
ɛ	i
e	i
æ	a
d	t
d	k
k	t
k	e
ɡ́	j
ɡ	j
s	z
s	h
ḱ	s
h	ɡ
h	k
h	q
h	x
w	b
ɡ	dʒ
e	i
ɛ	i
e	i
o	e
æ	a
a	u
a	u
e	u
e	e
d	tʃ
d	t
p	f
d	ð
d	t
t	d
ḱ	k
ʃ	s
s	ʃ
s	ʃ
m	ʋ
n	ʋ
l	ʎ
w	v
v	f
j	ð
u	w
j	ð
e	i
e	ē
a	ē
o	ē
e	ā
a	ā
o	ā
e	a
o	a
o	a
o	a
e	i
æ	a
d	t
t	t
t	lenis
t	t
t	fortis
d	t
d	lenis
h	hh
ḱ	k
e	i
e	a
o	a
o	a
æ	e
ɡ	h
hhy	ʒ
w	j
ɛ	i
e	i
i	i
u	u
o	u
ej	ɛj
oj	ɛj
ɛw	ow
e	a
o	a
e	ɛ
ɛ	i
o	u
ej	e
ia	ɛa
i	ə
u	ə
e	i
oj	u
ɛa	ɛ
p	h
k	tʃ
t	d
k	ɡ
k	ɡ
p	w
p	v
ḱ	s
k	k
k	k
ɡ́	ts
b	p
d	t
ɡ	k
ɡ	k
b	p
d	t
ɡ́	j
ɡ	k
b	w
b	v
ɡ́	z
ɡ	ʒ
j	w
sk	ts
ks	ts
kj	tʃ
sr	r
rs	r
l	ɫ
l	ɫ
̩	n
m̩	am
n̩	an
r̩	ar
l̩	aɫ
e	i
i	i
u	u
o	u
ej	ɛj
oj	ɛj
ɛw	ow
e	a
o	a
e	ɛ
ɛ	i
o	u
ej	e
ia	ɛa
i	ə
u	ə
e	i
oj	u
ɛa	ɛ
p	h
k	tʃ
t	d
k	ɡ
k	ɡ
p	w
p	v
ḱ	s
k	k
k	k
ɡ́	ts
b	p
d	t
ɡ	k
ɡ	k
b	w
b	v
ɡ́	z
ɡ	ʒ
j	w
sk	ts
ks	ts
kj	tʃ
sr	r
rs	r
l	ɫ
l	ɫ
̩	n
m̩	am
n̩	an
r̩	ar
l̩	aɫ
e	i
i	i
u	u
o	u
ej	ɛj
oj	ɛj
ɛw	ow
e	a
o	a
e	ɛ
ɛ	i
o	u
ej	e
ia	ɛa
i	ə
u	ə
e	i
oj	u
ɛa	ɛ
k	tʃ
t	d
k	ɡ
k	ɡ
p	w
p	v
ḱ	s
k	k
k	k
ɡ́	ts
b	p
d	t
ɡ	k
ɡ	k
ɡ	dʒ
ɡ́	j
ɡ	k
ɡ	k
b	w
b	v
ɡ́	z
ɡ	ʒ
j	w
sk	ts
ks	ts
kj	tʃ
sr	r
rs	r
l	ɫ
l	ɫ
̩	n
m̩	am
n̩	an
r̩	ar
l̩	aɫ
e	i
i	i
u	u
o	u
ej	ɛj
oj	ɛj
ɛw	ow
e	a
o	a
e	ɛ
ɛ	i
o	u
ej	e
ia	ɛa
i	ə
u	ə
e	i
oj	u
ɛa	ɛ
p	h
k	tʃ
t	d
k	ɡ
k	ɡ
p	w
p	v
ḱ	s
k	k
k	k
ɡ́	ts
b	p
d	t
ɡ	k
ɡ	k
b	p
d	t
ɡ́	j
ɡ	k
ɡ	k
b	w
b	v
ɡ́	z
ɡ	ʒ
j	w
sk	ts
ks	ts
kj	tʃ
sr	r
rs	r
l	ɫ
l	ɫ
̩	n
m̩	am
n̩	an
r̩	ar
l̩	aɫ
e	i
i	i
u	u
o	u
ej	ɛj
oj	ɛj
ɛw	ow
e	a
o	a
e	ɛ
ɛ	i
o	u
ej	e
ia	ɛa
i	ə
u	ə
e	i
oj	u
ɛa	ɛ
p	h
k	tʃ
t	d
k	ɡ
k	ɡ
p	w
p	v
ḱ	s
k	k
k	k
ɡ́	ts
b	p
d	t
ɡ	k
ɡ	k
b	w
b	v
ɡ́	z
ɡ	ʒ
j	w
sk	ts
ks	ts
kj	tʃ
sr	r
rs	r
l	ɫ
l	ɫ
̩	n
m̩	am
n̩	an
r̩	ar
l̩	aɫ
e	i
i	i
u	u
o	u
ej	ɛj
oj	ɛj
ɛw	ow
e	a
o	a
e	ɛ
ɛ	i
o	u
ej	e
ia	ɛa
i	ə
u	ə
e	i
oj	u
ɛa	ɛ
p	h
k	tʃ
t	d
k	ɡ
k	ɡ
p	w
p	v
ḱ	s
k	k
k	k
ɡ́	ts
b	p
d	t
ɡ	k
ɡ	k
ɡ	dʒ
ɡ́	j
b	p
d	t
ɡ́	j
ɡ	k
b	w
b	v
ɡ́	z
ɡ	ʒ
j	w
sk	ts
ks	ts
kj	tʃ
sr	r
rs	r
l	ɫ
l	ɫ
̩	n
m̩	am
n̩	an
r̩	ar
l̩	aɫ
e	i
i	i
u	u
o	u
ej	ɛj
oj	ɛj
ɛw	ow
e	a
o	a
e	ɛ
ɛ	i
o	u
ej	e
ia	ɛa
i	ə
u	ə
e	i
oj	u
ɛa	ɛ
p	h
k	tʃ
t	d
k	ɡ
k	ɡ
p	w
p	v
ḱ	s
k	k
k	k
ɡ́	ts
b	p
d	t
ɡ	k
ɡ	k
ɡ	dʒ
ɡ́	j
b	w
b	v
ɡ́	z
ɡ	ʒ
j	w
sk	ts
ks	ts
kj	tʃ
sr	r
rs	r
l	ɫ
l	ɫ
̩	n
m̩	am
n̩	an
r̩	ar
l̩	aɫ
ɡ́	z
ḱ	s
ɡ́	z
k	tʃ
k	tʃ
ɡ	dʒ
ɡ	dʒ
ɡ	dʒ
ɡ	dʒ
k	x
ɡ	ɡ
ɡ	ɡ
ɡ	ɡ
ɡ	ɡ
rt	š
s	s
s	h
u̯	v
l	r
n̩	a
m̩	a
l̩	ər
r̩	ər
l̩	ərə
r̩	ərə
l̩	ərər
r̩	ərər
e	a
e	a
o	a
o	a
o	a
h	ŋh
hj	ŋh
hw	ŋ
hw	h
h	ŋ
h	e
e	e
h	a
e	a
h	o
e	o
eh	e
eh	a
eh	o
h	a
ss	s
h	a
ḱ	k
ɡ	b
e	a
p	k
k	k
e	i
o	u
p	b
p	w
p	f
o	a
ej	e
e	o
u	o
s	z
e	i
t	s
p	f
f	x
r̩	ri
r̩	ra
l̩	li
l̩	la
r̩	ra
r̩	ar
l̩	la
l̩	al
j	s
s	s
j	s
s	s
m̩	em
n̩	en
ɡ	b
ɡ	b
ɡ	b
p	f
t	θ
k	x
k	x
b	v
d	ð
ɡ	ɣ
m	m
l	l
r	r
s	h
k	x
m	n
p	b
t	d
k	ɡ
k	ɡ
b	mb
d	nd
ɡ	ŋɡ
o	u
o	u
i	u
o	a
e	i
o	a
ai	i
oi	i
i	e
u	o
e	i
o	u
an	e
en	e
w	f
w	v
hn	n
hm	m
st	s
zd	d
ll	l
hl	l
lr	r
hr	r
lp	l
ls	l
ln	l
rp	r
rs	r
ln	l
au	o
eu	o
ou	o
ei	e
ua	anything
e	ia
a	e
e	a
o	a
or	r;
k	p
ei	e
st	s
ai	ɛ
u	y
oi	u
ɔ	u
j	ð
i	e
u	o
y	ɨ
p	b
t	d
k	ɡ
b	v
m	v
d	ð
ɡ	ɣ
a	ɔ
a	ei
o	ɨ
o	ei
a	ɨ
a	ei
a	e
o	e
a	ei
e	ei
o	ei
mb	m
nd	n
ŋɡ	ŋ
e	i
p	f
t	θ
k	x
p	f
t	θ
k	x
ɣ	i
xt	iθ
ɣ	i
ɛ	ui
ɔ	au
l	ɬ
w	ɡw
mp	m̥
nt	n̥
ŋk	ŋ̊
ɔ	ə
l	ɬ
r	r̥
ɣ	ə
o	a
e	je
e	ja
e	a
oi	ai
wo	wa
wj	vi
ow	aw
ei	ei
ei	i
ḱ	ts
ɡ́	dz
k	tʃ
kw	tʃ
ɡ	dʒ
ɡw	dʒ
tʃ	s
tʃ	z
dʒ	z
k	k
kw	k
ɡ	ɡ
ɡw	ɡ
b	β
d	ð
ɡ	ɣ
b	p
d	t
ɡ	k
p	f
t	θ
k	x
f	β
θ	ð
s	z
x	ɣ
i	j
j	j
u	w
w	w
i	ij
j	ij
u	uw
w	uw
a	o
e	i
e	æ
o	a
ei	i
oi	ai
e	e
i	e
o	o
i	o
a	o
i	o
eu	iu
ou	au
o	u
e	i
u	ɔ
i	ɛ
æ	e
ew	iw
aj	a
iw	ju
w	u̯
o	ɔ
w	ɔ
æ	ɛ
j	ɛ
j	i
ij	i
ij	i
w	u
iji	i
iji	i
β	b
ð	d
β	ɸ
ð	θ
ɣ	x
ɣ	ɡ
ɣ	ɡ
s	r
β	b
ð	d
ɣ	ɡ
i	e
u	o
o	u
a	ɑ̃
a	æ
k	tʃ
ɡ	j
ɡ	j
æ	a
æ	e
æu	au
a	æ
i	e
o	a
ai	e
ai	a
au	a
eu	ia
ia	ja
iu	ju
a	æ
ɑ̃	õ
i	∅/
u	∅/
k	tʃ
ɣ	ʝ
ɡ	dʒ
eɑ	ɑ
e	ɛ
ɑ	ɛ
eo	e
e	e
o	e
æj	aj
aj	ej
æ	ej
j	ej
ej	ej
æ	ej
j	ej
e	ej
j	ej
ɑɣ	ɑw
eɑh	ɑw
eɑç	ɑw
eɑx	ɑw
eɑʝ	ɑw
eɑɣ	ɑw
e	ew
ɑw	ew
i	ju
w	ju
ɑ	ɔ
ɑ	w
w	ɔ
w	w
ɑ	ɔ
ɑ	w
ɣ	ɔ
ɣ	w
o	ɔ
o	w
w	ɔ
w	w
oɣ	ɔ
oɣ	w
oht	ow
ɑ	ow
ht	ow
o	ow
ht	ow
ɑ	ow
ht	ow
ɑ	ɔ
y	e
y	e
e	ɛ
m	n
hn	w
wl	l
hl	l
hr	r
ɣ	ɡ
ɣ	w
eɑ	ɑ
e	ɛ
ɑ	ɛ
eo	e
e	e
o	e
æj	aj
aj	ej
æ	ej
j	ej
ej	ej
æ	ej
j	ej
e	ej
j	ej
ɑɣ	ɑw
eɑh	ɑw
eɑç	ɑw
eɑx	ɑw
eɑʝ	ɑw
eɑɣ	ɑw
e	ew
ɑw	ew
i	ju
w	ju
ɑ	ɔ
ɑ	w
w	ɔ
w	w
ɑ	ɔ
ɑ	w
ɣ	ɔ
ɣ	w
o	ɔ
o	w
w	ɔ
w	w
oɣ	ɔ
oɣ	w
ɑ	ow
ht	ow
oht	ow
ɑ	ow
ht	ow
o	ow
ht	ow
ɑ	ɔ
y	i
y	i
e	ɛ
m	n
hn	w
wl	l
hl	l
hr	r
ɣ	ɡ
ɣ	w
e	ə
ɑ	ə
o	ə
ʊ	ɤ
mb	m
ŋɡ	ŋ
tj	tʃ
sj	ʃ
dj	dʒ
zj	ʒ
a	ɑ
ɑ	ɔ
ɛ	ɜ
ɪ	ɜ
ɤ	ɜ
ɑʊ	ɑ
ɑʊ	ɑ
ɑʊ	ɔ
a	ɑ
a	æ
əɪ	ɑi
əʊ	æʊ
əɪ	aɪ
əʊ	aʊ
e	eɪ
o	oʊ
ɒ	ɔ
æ	æə
æ	eə
ʍ	w
l	ɫ
ɪ	i
t	ɾ
d	ɾ
i	ɪ
u	ʊ
e	ɛ
o	ɔ
ɔ	ɒ
æ	ɛ
ɒ	ɔ
æ	ɛə
eə	e
iə	ɪ
ɜ	ɜ
ɹ	ɜ
ɑ	ɑ
ɹ	ɑ
ɔ	ɔ
ɹ	ɔ
e	ɛə
ɹ	ɛə
o	ɔə
ɹ	ɔə
i	ɪə
ɹ	ɪə
u	ʊə
ɹ	ʊə
ɑ	ɒ
æ	ɑ
ɒ	ɔ
ʍ	w
l	ɫ
oʊ	ɔʊ
i	ɪə
oʊ	əʊ
i	ɪi
u	ʊə
ʊə	u
u	ʊʉ
ʊʉ	ʉ
ɫ	əɫ
ɪ	i
ɪ	i
ɪ	ə
ə	ɪ
t	ɾ
ɔə	ɔ
ɛə	ɛ
ʊə	ɔ
ʊə	o
ʊə	ʉ
ʊə	wə
oə	o
sj	ʃ
zj	ʒ
lj	j
lj	ɫj
ɫj	ɫi
tj	tʃ
dj	dʒ
m	ɡ
ɜ	ɜ
ɹ	ɜ
ɑ	ɑ
ɹ	ɑ
ɔ	ɔ
ɹ	ɔ
e	ɛə
ɹ	ɛə
o	ɔə
ɹ	ɔə
i	ɪə
ɹ	ɪə
u	ʊə
ɹ	ʊə
ɑ	ɒ
æ	ɑ
ɒ	ɔ
ʍ	w
l	ɫ
oʊ	əʊ
eɑ	ɑ
e	ɛ
ɑ	ɛ
eo	e
e	e
o	e
æj	aj
aj	ej
æ	ej
j	ej
ej	ej
æ	ej
j	ej
e	ej
j	ej
ɑɣ	ɑw
eɑh	ɑw
eɑç	ɑw
eɑx	ɑw
eɑʝ	ɑw
eɑɣ	ɑw
e	ew
ɑw	ew
i	ju
w	ju
ɑ	ɔ
ɑ	w
w	ɔ
w	w
ɑ	ɔ
ɑ	w
ɣ	ɔ
ɣ	w
o	ɔ
o	w
w	ɔ
w	w
oɣ	ɔ
oɣ	w
ɑ	ow
ht	ow
oht	ow
ɑ	ow
ht	ow
o	ow
ht	ow
e	ɛ
y	i
y	i
j	ɡ
tʃ	k
ʃ	s
hn	w
wl	l
hl	l
hr	r
ɣ	ɡ
ɣ	w
s	ʃ
ʍ	xw
oɡ	ʌu
ol	ou
al	ɑ
ou	ʌu
ɑ	ɑ
ɑ	ɔ
ai	ɛi
ɛi	əi
u	ʌu
ø	wi
ø	i
ø	u
ø	ʌ
ø	ju
ø	jʌ
a	i
a	e
a	ɛ
a	e
ai	e
oi	oe
ui	əi
ei	i
au	ɑ
au	ɔ
ou	ʌu
iu	ju
ɛu	ju
ɛou	jʌu
ɛ	ɛi
ɛi	əi
i	əi
e	i
ɛ	i
ɛ	e
a	e
ø	ø
y	ø
æ	ɛ
a	a
a	ɑ
u	ʌ
əi	aɪ
æ	ɛ
ɑ	a
o	ju
o	iu
o	ø
ø	e
ø	ɪ
æ	ɛ
æ	ɛ
ɑ	ɛ
e	i
e	i
o	i
ɛ	ɜi
ɜi	i
ai	a
e	ɛ
y	ɪ
i	ɪ
ɪ	ɜ
e	ɛ
eo	ɛ
u	ʊ
ʊ	ɵ
ɵ	ʌ
o	ʌ
æ	ɑ
æ	e
æɑ	e
ɔɡ	ʌu
ɔj	ʌu
ɑ	e
ʌ	ɪi
a	ɪ
xw	ʍ
d	d
ð	d
d	ð
ð	ð
dʒ	tʃ
θ	h
θ	f
m	n
e	ɛ
l	u
ɔu	ɑ
ɑu	ɑ
t	d
m	n
s	ʂ
t	ʈ
t	ʔ
t	ʔ
u	ʏ
p	ʔm̩
n	ʔm̩
t	ʔn̩
n	ʔn̩
k	ʔŋ̩
n	ʔŋ̩
k	ç
ɡ	ʝ
p	ɸ
b	β
l	ʟ
a	ɛ
eɑ	ɑ
e	ɛ
ɑ	ɛ
eo	e
e	e
o	e
æj	aj
aj	ej
æ	ej
j	ej
ej	ej
æ	ej
j	ej
e	ej
j	ej
ɑɣ	ɑw
eɑh	ɑw
eɑç	ɑw
eɑx	ɑw
eɑʝ	ɑw
eɑɣ	ɑw
e	ew
ɑw	ew
i	ju
w	ju
ɑ	ɔ
ɑ	w
w	ɔ
w	w
ɑ	ɔ
ɑ	w
ɣ	ɔ
ɣ	w
o	ɔ
o	w
w	ɔ
w	w
oɣ	ɔ
oɣ	w
ɑ	ow
ht	ow
oht	ow
ɑ	ow
ht	ow
o	ow
ht	ow
ɑ	ɔ
e	ɛ
y	i
y	i
m	n
hn	w
wl	l
hl	l
hr	r
f	v
θ	ð
s	z
ɣ	ɡ
ɣ	w
e	ə
ɑ	ə
o	ə
t	θ
d	ð
ʍ	f
ʍ	w
u	u
u	 stress
k	tʃ
ɡ	j
ɡ	j
aj	e
aj	a
aw	a
ew	ja
p	b
t	d
k	ɡ
b	v
d	r
ɡ	ɣ
e	ie
o	uo
ai	e
au	o
jan	en
xs	s
a	ɒ
ɒ	o
ai	ei
u	ʏ
a	ɛ
u	ʉw
u	ʊw
u	ʉ
ei	e
ou	o
u	y
iu	ju
iu	y
iu	io
iw	yw
ie	iə
ia	iə
io	iə
uo	uə
f	v
θ	ð
s	z
f	x
f	ç
θ	t
ð	d
u	ɔw
uw	ɔw
u	o
ol	ɔu
al	ɔu
ar	a
er	r
or	o
or	r
l	u
i	ɛi
y	œy
u	ʌu
x	x
x	χ
ɣ	ɣ
ɣ	x
ɣ	χ
x	ç
ɣ	ʝ
ɛi	ai
œy	ay
ʌu	au
e	ɛi
ø	œy
o	ɔu
ɛi	ɛ
œy	œ
ɔu	ɔ
s	ʃ
s	ʃ
t	ts
t	k
x	k
w	b
j	ɡ
w	v
a	o
a	o
e	ø
e	ø
i	y
e	ø
e	ø
i	y
e	ø
e	ø
i	y
y	i
y	i
yə	iə
ø	e
ø	e
øy	ei
u	ou
y	øy
uə	u
yə	y
iə	i
ou	au
øy	oy
ei	ai
u	o
y	ø
a	au
w	au
p	f
t	z
k	x
p	f
t	z
k	x
p	pf
t	ts
k	kx
p	pf
t	ts
k	kx
p	pf
t	ts
k	kx
b	p
d	t
ɡ	k
ɣ	ɡ
β	b
β	b
s	ʃ
sk	ʃ
θ	d
ð	d
a	e
u	y
o	ø
ai	e
au	o
β	v
v	b
ɣ	ɡ
h	x
f	v
θ	ð
s	z
v	f
b	p
d	t
k	ts
n	ŋ
ɡ	k
ɡ	ʝ
ɡ	ɣ
ɡ	x
wi	u
eβu	ju
eβo	jo
aβu	au
aβo	au
æ	a
æ	a
w	a
æ	a
wa	a
e	a
e	a
w	a
e	a
wa	a
o	a
z	ʀ
x	h
i	j
j	i
u	o
u	o
wu	wo
wu	wo
i	e
i	e
iu	y
æ	eu
u	eu
e	eu
u	eu
æ	ai
i	ai
e	ai
i	ai
wo	u
wu	u
wu	u
wu	u
je	i
ji	i
ji	i
ji	i
o	u
ou	u
ɔ	a
ɑ	a
au	a
ai	a
æ	a
ja	i
je	i
æ	i
e	i
y	i
ja	i
je	i
æ	i
ei	i
y	i
ja	i
je	i
æi	i
e	i
y	i
ja	i
je	i
æi	i
ei	i
y	i
θ	f
i	ɪ
i	e
b	p
w	f
v	f
d	t
ð	θ
ɡ	k
e	jo
b	jo
e	ja
a	ja
b	o
b	o
a	a
o	a
a	a
a	a
a	a
æ	a
a	a
e	a
æ	e
æ	e
æ	e
e	e
e	e
æ	e
e	e
e	e
æ	e
i	e
e	e
i	e
i	i
e	i
e	i
l	r
a	ey
ai	ey
e	ø
wæ	ø
e	ø
wi	ø
we	y
ei	y
ɪ	ʏ
wɪ	ʏ
u	y
o	ø
ɒ	ø
a	æ
au	y
ju	y
o	u
ʀ	r
ʀ	n
ʀ	r
ʀn	n
a	u
wa	o
na	no
a	o
a	o
ae	ɒø
u	y
we	y
ju	y
we	y
o	ø
ɒ	ø
a	æ
au	æy
u	y
o	ø
ɒ	ø
a	æ
u	y
o	ø
ɒ	ø
a	æ
au	æy
ju	y
u	o
a	æ
hi	æ
æ	æ
hi	æ
e	æ
hi	æ
ɒ	ɒ
hu	ɒ
ɒ	ɒ
ha	ɒ
a	a
hu	a
a	a
ha	a
u	o
u	y
we	y
wi	y
o	ø
ɒ	ø
a	æ
au	æy
ju	y
wa	ɒ
we	ø
wi	y
e	jɒ
e	ja
au	o
ai	e
ey	e
ei	e
æy	æ
æi	æ
øy	ø
u	y
o	ø
ɒ	ø
a	æ
au	æy
ju	y
u	y
o	ø
ɒ	ø
a	æ
au	æy
ju	y
r	r
r	r
r	r
ʀ	r
sʀ	s
lʀ	l
l	l
ʀ	l
nʀ	n
n	n
ʀ	n
ai	e
wi	we
ɒ	o
æi	e
ei	e
ai	a
au	o
wɪ	we
wi	we
wy	wo
iu	e
ey	jo
ey	æ
i	e
ðl	l
ðl	l
ðn	n
ðn	n
ʏ	ø
ɪ	e
ai	a
ai	a
æ	e
lθ	l
nθ	n
̃	 nas
β	f
ð	θ
ɣ	k
β	b
ð	d
ɣ	ɡ
β	b
ð	d
ɣ	ɡ
β	b
ɣ	ɡ
ɣ	ɡ
β	f
ɣ	h
ɣ	ɡ
β	v
ð	θ
ɣ	h
θt	t
θt	t
e	jo
u	jo
e	jo
o	jo
e	ja
a	ja
θ	t
θ	t
ð	d
θ	ð
f	v
ht	t
n	ð
wø	wøje
tk	k
ɡ	k
k	k
t	k
k	k
ɡ	k
k	k
ts	s
u	o
y	ø
i	e
lθ	l
nθ	n
p	f
t	θ
k	x
m	f
n	θ
ŋ	x
s	ts
ɣ	ɡ
ʀ	r
w	v
o	u
æ	i
e	i
o	u
a	e
ɪʊ	y
ø	e
ø	æ
eb	eu
eb	e
eb	u
ei	eu
ei	e
ei	u
eb	eu
eb	e
eb	u
ei	eu
ei	e
ei	u
e	eu
e	e
e	u
b	eu
b	e
b	u
e	eu
e	e
e	u
i	eu
i	e
i	u
e	eu
e	e
e	u
b	eu
b	e
b	u
e	eu
e	e
e	u
i	eu
i	e
i	u
e	jo
b	jo
e	jo
i	jo
e	jo
b	jo
e	jo
i	jo
e	ju
b	ju
e	ju
i	ju
e	ju
b	ju
e	ju
i	ju
k	c
k	c
k	ɲɟ
k	ɲɟ
ɡ	ɟ
ɡ	ɟ
ɡ	ʝ
ɡ	ʝ
a	e
k	c
k	c
k	ɲɟ
k	ɲɟ
ɡ	ɟ
ɡ	ɟ
ɡ	ɟ
ɡ	ɟ
f	v
θ	ð
f	v
au	ɒ
k	h
k	ç
n	ŋ
t	ð
wa	wo
ɒ	ø
ɒ	a
ø	æ
ø	øi
e	ei
ɡ	ɣ
ɟ	j
ɡ	ɣ
hj	ç
u	ʏɪ
o	oi
a	ai
ø	øi
e	ei
a	ai
e	ei
l	ɬ
rl	ɬ
l	ɬ
rl	ɬ
l	ɬ
rl	ɬ
l	ɬ
rl	ɬ
r	r̥
l	ɬ
rl	ɬ
l	ɬ
rl	ɬ
l	dɬ
rl	dɬ
l	dɬ
rl	dɬ
r	r̥
p	f
t	θ
k	x
b	p
d	t
ɡ	k
ɣ	k
u	ʏ
o	ou
a	au
ʏɪ	ai
y	y
i	y
y	ɪ
i	ɪ
æ	i
e	je
ey	ei
w	v
nn̥	tn̥
n	tn̥
n	tn
n̥n	n̥
rn̥	tn̥
rn	tn̥
r	t
rɬ	tɬ
r̥ɬ	tɬ
lɬ	tɬ
ɬ	tɬ
r̥l	tɬ
l	tɬ
rl	tɬ
l	tl
rl	tl
h	k
hl	ɬ
hr	r̥
hn	n̥
n̥	m̥
ny	in
f	m
p	b
p	b
t	d
t	d
k	ɡ
k	ɡ
tj	tʃ
dj	tʃ
b	p
d	t
ɡ	k
k	s
ɡ	k
ɡn	nj
ɡl	lj
k	c
ɡ	ɟ
fd	d
hw	w
hw	ʍ
hj	ʃ
h	x
θ	h
θ	ð
θ	t
ð	θ
ð	d
sk	sk
sk	ʃ
sk	ks
s	ʃ
lm	ml
l	ʎ
v	w
u	ʌ
a	ɑ
e	ɪ
e	ɛ
u	ø
u	ʌ
u	ø
o	ø
a	ɛ
o	ø
o	ø
o	u
o	u
jo	u
jo	o
jo	ø
ɒ	ɔ
ɒ	ʌ
ɒ	ɛ
ɒ	e
ɒ	ɪ
au	u
au	ɔu
a	ɛ
a	ø
a	ɔ
ja	i
æ	e
æ	ɛ
œ	ɛ
œ	ø
œ	i
œ	e
y	ø
y	i
y	ɪ
y	i
e	ɛ
i	i
i	i
ey	e
ey	ɛ
ey	ai
ei	e
e	a
i	ɪ
p	b
t	d
k	ɡ
b	p
d	t
b	v
lm	ml
nd	n
ld	l
n	ɲ
l	ʎ
dj	dʒ
ɡ	dʒ
ɡ	dʒ
k	c
ɡ	ɟ
tr	rd
p	b
t	d
k	ɡ
k	ɣ
t	t
t	d
tj	tʃ
tj	ʃ
ɡl	lɡ
f	v
f	m
f	p
v	w
vl	lv
θ	t
θ	d
ð	d
hv	hw
hv	kw
hv	sw
hj	ʃ
n	ɲ
l	ʎ
n	ɲ
n	ɲd
rn	ɲ
l	ʎ
rl	ʎ
ms	ŋs
ms	ŋks
u	o
u	oi
o	ɔ
o	ɔi
a	æ
a	æi
a	ɔ
a	ɔi
a	ɒ
a	ɒi
ɒ	o
œ	o
y	o
ɒ	oi
œ	oi
y	oi
ɒ	ɔ
œ	ɔ
y	ɔ
ɒ	ɔi
œ	ɔi
y	ɔi
e	æ
e	e
u	o
u	ɒ
u	u
u	o
u	ɒ
u	ø
o	u
ɒ	ɛ
ɒ	ø
ɒ	o
ey	o
ju	ø
jo	ø
ja	ø
y	u
ju	ø
jo	ø
ja	ø
a	o
a	ɔ
a	wo
a	ɔ
a	ɔu
au	o
au	ɔ
au	ɒ
au	jo
au	jɔ
y	ə
y	ø
æ	e
e	o
e	ɒ
e	ɒ
e	ə
e	æ
e	ɛ
e	e
e	ɛ
e	je
e	jɛ
e	je
ey	ø
e	i
e	i
o	u
w	ɡ
w	ɡw
w	v
tj	tsj
θ	t
ð	d
hx	a
m̩	a
n̩	a
b	p
d	t
ɡ	k
s	h
s	h
t	ts
j	h
k	t
k	t
ɡ	d
k	p
k	p
ɡ	b
ts	s
ns	s
hx	a
m̩	a
n̩	a
b	p
d	t
ɡ	k
s	h
s	h
t	ts
j	h
k	t
k	t
ɡ	d
k	p
k	p
ɡ	b
ts	s
ɑ	æ
ns	s
tʃ	t
tʃ	t
u	y
uj	yj
u	y
u	y
j	j
æ	ɛ
ej	e
ow	o
e	i
e	i
ɛ	e
ɑj	ɛ
oj	øj
øj	yj
yj	y
e	ɛ
o	ɔ
p	f
t	θ
k	x
b	v
d	ð
ɡ	ɣ
dz	z
ɑu	ɑv
ɛu	ɛv
eu	ev
e	i
p	b
t	d
k	ɡ
y	i
ɡ	j
x	ç
p	f
k	x
i	j
e	j
hx	a
m̩	a
n̩	a
b	p
d	t
ɡ	k
s	h
s	h
t	ts
j	h
k	t
k	t
ɡ	d
k	p
k	p
ɡ	b
ts	s
ns	s
e	i
ej	i
ɛ	e
ɑj	ɛ
ɑ	ɛ
j	ɛ
oj	y
oj	ø
ɔ	y
ɔ	ø
j	y
j	ø
o	u
hx	a
m̩	a
n̩	a
b	p
d	t
ɡ	k
s	h
s	h
t	ts
j	h
k	t
k	t
ɡ	d
k	p
k	p
ɡ	b
ts	s
ns	s
æ	ɛ
hx	a
m̩	a
n̩	a
b	p
d	t
ɡ	k
s	h
s	h
t	ts
j	h
k	t
k	t
ɡ	d
k	p
k	p
ɡ	b
ts	s
ns	s
hx	a
m̩	a
n̩	a
b	p
d	t
ɡ	k
s	h
s	h
t	ts
j	h
k	t
k	t
ɡ	d
k	p
k	p
ɡ	b
ts	s
ns	s
ns	s
tʃ	t
tʃ	t
hx	a
m̩	a
n̩	a
b	p
d	t
ɡ	k
s	h
s	h
t	ts
j	h
k	t
k	t
ɡ	d
k	p
k	p
ɡ	b
ts	s
ns	s
hx	a
m̩	a
n̩	a
b	p
d	t
ɡ	k
s	h
s	h
t	ts
j	h
k	t
k	t
ɡ	d
k	p
k	p
ɡ	b
ts	s
ɑ	æ
ns	s
tʃ	s
tʃ	s
æ	ɛ
ej	e
ow	o
u	y
uj	yj
u	y
u	y
j	j
o	u
e	i
ɛ	e
ɑj	ɛ
oj	øj
øj	yj
yj	y
e	ɛ
o	ɔ
hx	a
m̩	a
n̩	a
b	p
d	t
ɡ	k
s	h
s	h
t	ts
j	h
k	t
k	t
ɡ	d
k	p
k	p
ɡ	b
ts	s
ns	s
p	f
t	θ
k	x
hx	a
m̩	a
n̩	a
b	p
d	t
ɡ	k
s	h
s	h
t	ts
j	h
k	t
k	t
ɡ	d
k	p
k	p
ɡ	b
ts	s
ḱ	k
ɡ́	ɡ
ɡ́	ɡ
b	p
d	t
ɡ	k
k	ku
ɡ	ɡu
ɡ	ku
t	ts
e	a
e	a
e	a
e	a
e	o
e	o
e	o
e	o
h	x
o	a
o	a
u	u
eu	u
au	u
m̩	am
n̩	an
r̩	ar
l̩	al
w	m
e	a
e	a
e	a
e	a
e	a
e	a
p	b
h	ə
h	h
h	h
s	ʃ
ḱ	tš
b	b
p	b
b	bb
b	bb
ptʃ	pʃ
ttʃ	t
ttʃ	ʃ
ddʒ	d
ddʒ	ʒ
tʃʃ	ʃ
e	i
e	i
e	i
e	a
o	a
o	a
̊	a
ə	i
sh	s
sh	 aspirated
h	h
r̊h	ur
r̊h	ir
r̊h	u
r̊h	r
r̊h	i
r̊h	r
ʃ	ʂ
ʒ	ʐ
n	ɳ
t	ʈ
d	ɖ
d	ɖ
n	ɳ
s	ʂ
t	ʈ
d	ɖ
d	ɖ
n	ɳ
ls	ʂ
lt	ʈ
ld	ɖ
ld	ɖ
ln	ɳ
s	ʂ
uʐ	u
aʐ	ə
iʐ	i
ə	o
ə	e
tʃ	tɕ
dʒ	dʑ
dʒ	dʑ
tɕ	ɕ
dʑ	ɟ
dʑ	ɟ
tst	t
dzd	d
ɟ	ɦ
d	ɦ
b	ɦ
m	̃
n	ɲ
ai	e
aia	e
aj	e
aja	e
au	o
aua	o
aw	o
awa	o
j	dʒ
w	b
b	h
d	h
ɡ	h
m	v
v	nas
v	v
e	i
o	u
ah	o
ɽ	i
ʂ	x
ʂ	s
ç	s
dʒɲ	ɳ
ai	e
aia	e
aj	e
aja	e
au	o
aua	o
aw	o
awa	o
j	dʒ
w	b
b	h
d	h
ɡ	h
b	v
d	j
dʒ	j
ɡ	j
m	v
v	nas
v	v
e	i
o	u
ah	e
ɽ	i
kʂ	hk
ʂ	s
s	ç
r	l
dʒɲ	ɲ
ai	e
aia	e
aj	e
aja	e
au	o
aua	o
aw	o
awa	o
j	dʒ
w	b
b	h
d	h
ɡ	h
m	v
v	nas
v	v
e	i
o	u
ah	o
ɽ	i
kʂ	tʃ
ʂ	s
ç	s
s	h
dʒɲ	ɳ
ai	e
aia	e
aj	e
aja	e
au	o
aua	o
aw	o
awa	o
j	dʒ
w	b
b	h
d	h
ɡ	h
m	v
v	nas
v	v
e	i
o	u
ah	o
ɽ	i
kʂ	tʃ
ʂ	s
ç	s
tv	p
dv	b
dʒɲ	ɳ
s	h
ʂ	h
s	r
ʂ	r
l	r
ɖ	ɭ
ɖ	ɭ
sɕ	ɕ
ɕʂ	ʂ
s	t
s	s
ʂ	t
ʂ	ʂ
ɕ	t
t	kʂ
ʂ	kʂ
t	c
ɕ	c
bz	ps
pʂ	kʂ
cʂ	kʂ
ɟʐ	kʂ
ɡʐ	kʂ
ɭ	ɖ
ɭ	ɖ
a	o
u	o
a	e
i	e
w	v
ɡ	ɡ
ɡ́	ɡ
ḱ	s
ɡ́	z
s	x
k	tʃ
ɡ	ʒ
x	ʃ
a	e
o	e
ə	e
a	o
o	o
ə	o
i	ь
u	ъj
u	ɨ
u	ь
ei	i
e	i
i	i
ai	i
oi	i
ai	æ
oi	æ
a	æ
a	a
i	æ
i	a
o	æ
o	a
i	æ
i	a
au	u
ou	u
au	u
o	u
u	u
a	u
u	u
ou	u
a	u
u	u
o	u
u	u
eu	ju
e	ju
u	ju
e	ь
e	o
w	v
l̩	ьl
l̩	ъl
r̩	ьr
r̩	ъr
m̩	ẽ
n̩	õ
m̩	ьm
m̩	ъm
n̩	ьn
n̩	ъn
æ	a
e	ẽ
i	ẽ
e	ẽ
i	ẽ
e	ẽ
i	ẽ
e	ẽ
i	ẽ
a	õ
o	õ
u	õ
a	õ
o	õ
u	õ
a	õ
o	õ
u	õ
a	õ
o	õ
u	õ
a	õ
o	õ
u	õ
a	õ
o	õ
u	õ
a	õ
o	õ
u	õ
a	õ
o	õ
u	õ
oi	i
o	ъ
k	ts
ɡ	dz
x	s
k	ts
ɡ	dz
x	s
sj	ʃ
zj	ʒ
kj	tʃ
ɡj	ʒ
xj	ʃ
sk	ɕtɕ
x	ɕ
x	ɕ
ɛl	lɔ
ɔl	lɔ
ɔr	rɔ
ɛl	lɛ
ɛr	rɛ
ɔr	ra
ɔl	la
ɔr	rɔ
ɔl	lɔ
j	l
ɛ	ɔ
ɛ̃	ɔ̃
ɛ	a
ь	e
ъ	e
ъ	a
ъl	ɔɫ
ъl	ɔ
ъl	ɫ
ъl	ɛɫ
ъl	ɫu
ьl	ɫu
ьl	ɛɫ
ьl	il
ьl	ɔɫ
ьl	ɔ
ьl	ɫ
ь	a
ьr	iʐ
ьr	i
ьr	ʐ
iʐ	ɛr
i	ɛr
ʐ	ɛr
iʐ	ɛʐ
i	ɛʐ
ʐ	ɛʐ
iʐ	ɛr
i	ɛr
ʐ	ɛr
iʐ	ɛ
i	ɛ
ʐ	ɛ
iʐ	ʐ
i	ʐ
ʐ	ʐ
iʐ	ɛ
i	ɛ
ʐ	ɛ
iʐ	r
i	r
ʐ	r
iʐ	ɛʐ
i	ɛʐ
ʐ	ɛʐ
iʐ	ɛ
i	ɛ
ʐ	ɛ
iʐ	r
i	r
ʐ	r
iʐ	ɛ
i	ɛ
ʐ	ɛ
iʐ	ʐ
i	ʐ
ʐ	ʐ
ɛr	ɛr
ɛr	ɛʐ
ɛʐ	ɛr
ɛʐ	ɛʐ
ɛr	ɛr
ɛr	ɛʐ
ɛ	ɛr
ɛ	ɛʐ
ʐ	ɛr
ʐ	ɛʐ
ɛ	ɛr
ɛ	ɛʐ
r	ɛr
r	ɛʐ
ɛʐ	ɛr
ɛʐ	ɛʐ
ɛ	ɛr
ɛ	ɛʐ
r	ɛr
r	ɛʐ
ɛ	ɛr
ɛ	ɛʐ
ʐ	ɛr
ʐ	ɛʐ
ɛ̃	ã
ɔ̃	ã
ajɛ	ɛ
aja	a
ɔja	a
ɔjɛ	ɛ
ɨjɛ	ɛ
ɨjɛ	i
ɛjɛ	ɛ
ьjɛ	ɛ
ɔjɛ	ɛ
ujɛ	ɛ
ɨjɛ	ɛ
ɛ	ɛ
jɛ	ɛ
ьjɛ	ɛ
ɔjɛ	ɛ
ujɛ	ɛ
ɨjɛ	ɛ
ɔjɔ̃	ɔ̃
ɔ̃jɔ̃	ɔ̃
ьjɔ̃	ɔ̃
ьjь	i
ъjь	ɨ
jь	i
ь	i
ъ	ɨ
ji	i
aja	a
ɛja	a
ьja	a
ɔja	a
iji	i
ɨjɨ	ɨ
tsi	tɕ
ʐi	ʐ
i	u
u	i
t	tɕ
d	dʒ
s	ɕ
z	ʑ
n	ȵ
l	ɫ
ã	ɛ̃
ã	ɔ̃
a	ɒ
ɔ	o
ɛ	e
i	ɛ
ɨ	ɛ
kɨ	k
kɨ	i
ɡɨ	ɡ
ɡɨ	i
ʃi	ʂɨ
ʒi	ʐɨ
tʃi	ʈʂɨ
dʒi	ɖʐɨ
ɕi	tsɨ
ʑi	ʒɨ
ʃ	ʂ
ʒ	ʐ
tʃ	ʈʂ
dʒ	ɖʐ
ɕ	ts
ʑ	ʒ
r̝	ʂ
r̝	ʂ
ŕ	ʐ
ɛ	ɔ
ɛ	ɔ
a	ɔ
ɫ	w
ɒ	a
e	ɛ
o	ɔ
o	u
u	ɔ
ɛ̃	ɛ
ɔ̃	ɔ
ɔ̃	ɔ
ɛ̃	ɛɰ̃
ɔ̃	ɔɰ̃
ɔ̃	ɔɰ̃
ɛ̃	ɛj̃
ɔ̃	ɔj̃
ȵ	j̃
n	ŋ
t	r
n	m
or	ro
ro	or
tɕts	jts
ʑr̝	jr̝
ɕtɕ	js
zʐ	ʐɖʐ
ʑ	dʑ
z	dz
v	f
r̝	r̥
v	f
r̝	r̥
r̝̊	ʂ
r̝	ʐ
xv	f
pv	f
plv	pf
ʈʂs	ts
r̝	r
ʐr	ʑr
ɕr̝	ʂr
ʑr̝	ʐr
ʈʂ	t
st	z
ʂʈʂ	ʐ
trk	kr
zd	ʑ
zd	ɕ
st	s
st	ɕ
st	ɕ
pv	f
ʈʂ	ʂ
st	ɕtɕkl
kl	ɕtɕkl
ɕtɕkl	ɕkɫ
ɕtɕkl	skɫ
ɕkɫ	ʂkɫ
skɫ	ʂkɫ
dz	d͜z
ts	t͜s
sibilant	alveolopalatal
p	alveolopalatal
sibilant	dental
p	dental
n	s
s	ɕ
n	s
d	ɡ
ʈʂ	t
ɕ	s
ʑ	z
or	oro
ol	olo
er	ere
el	ele
mj	ml
pj	pl
bj	bl
dj	ʒ
kt	e
ẽ	ja
õ	u
je	o
je	o
jь	i
p	p
p	k
ḱ	k
ǵ	ɡ
ǵ	ɡ
g	x
b	p
d	t
g	d
p	ɸ
t	θ
d	x
s	z
eu	ou
x	h
ɡ	w
ɡ	f
ɡ	d
ɡ	h
ɡ	ɡ
ɸ	f
θ	f
ɸ	b
θ	d
θ	b
z	r
x	f
x	w
x	ɡ
l̥	ol
r̥	or
r̥	er
m̥	em
n̥	en
e	e
e	i
e	i
o	u
e	o
o	u
o	e
o	u
aj	ai
ai	e
aj	ai
ai	ae
oj	oi
oi	oe
oe	u
aw	o
aw	au
ew	ou
ow	ou
ou	u
a	e
o	u
a	e
e	i
a	e
e	u
e	u
ai	ei
ei	i
ei	i
oi	e
ou	u
i	e
o	e
a	e
e	i
o	u
ai	ei
ei	ei
oi	ei
ei	i
j	i
w	u
e	o
e	o
m̩	em
n̩	en
n̩	n
l̩	ol
l̩	l
r̩	or
r̩	r
b	h
b	f
d	f
ɡ	f
t	k
t	d
dw	b
d	l
d	b
d	b
d	b
d	b
ḱ	k
ɡ́	ɡ
ɡ	ɡu
ɡ	ɡu
ɡ	v
ɡ	f
ɡ	v
s	z
z	r
s	θ
θ	f
s	θ
θ	b
s	z
p	k
k	k
s	z
s	f
t	s
d	s
p	m
b	m
t	n
d	n
k	ŋ
ɡ	ŋ
m	n
d	l
n	l
r	l
n	r
s	z
z	l
s	z
z	r
n	l
tt	tst
dt	tst
tst	s
l	r
r	l
l	r
n	r
n	r
r	r
r	r
d	r
d	r
r	r
r	r
e	j
i	j
e	ɛ
ai	ɛ
i	e
e	e
oi	e
o	ɔ
u	o
o	o
m	n
w	β
ɛ	e
ɔ	o
j	ʝ
j	ʝ
ɔ	o
o	o
u	w
i	e
e	ɛ
e	ɛ
e	e
i	e
e	e
e	e
i	j
au	a
u	o
o	o
o	ɔ
u	u
o	u
u	u
o	u
u	o
o	o
u	o
o	o
u	w
oe	e
oe	ɛ
ae	e
au	ɔ
ae	e
au	o
o	u
o	u
ndj	ɲ
dj	dʒ
dʒ	ʒ
l	w
mn	n
n	ɲ
p	β
b	β
b	w
d	j
d	w
k	ɣ
ŋ	ɲ
p	b
b	w
kl	ʎ
ɡl	ʎ
sk	ʃ
k	j
ks	ʃ
k	j
ɡn	ɲ
stj	ʃ
tj	s
sj	js
ssj	jʃ
jn	ɲ
mnj	mni
mnj	ɲ
lj	ʎ
rj	jr
kj	ts
ɡj	ʒ
bj	wʒ
vj	wʒ
b	v
ja	je
a	e
b	v
p	b
t	d
f	v
s	z
k	ɡ
j	ʒ
d	z
d	w
j	tʃ
ɡj	i
ts	w
z	s
b	w
v	w
d	t
l	ʎ
k	ts
ts	s
ɡ	ʒ
j	dʒ
dʒ	ʒ
k	ɡ
k	ɡw
k	kw
ɡ	ɡw
ɡ	ɡw
b	m
n	r
r	br
k	w
b	w
v	w
l	ʎ
n	ɲ
ʎ	l
ɔ	o
e	ɛ
o	u
e	i
aj	ej
ej	ee
ee	e
aj	ej
ɛj	jɛj
ɔj	uei
ɛ	e
e	ɛ
r	s
m	n
w	ɡu
i	j
e	j
e	è
ae	è
e	é
i	é
oe	é
o	ó
o	ò
u	ó
e	e
i	e
ae	e
oe	e
e	e
i	e
ae	e
oe	e
o	o
u	o
o	o
u	o
e	e
i	e
ae	e
oe	e
e	e
i	e
ae	e
oe	e
u	o
u	o
k	tj
ɡ	dj
è	iɛ
è	iɛ
è	ɛ
ò	uo
uo	uɛ
ò	ɔ
dj	dʒ
j	dʒ
tj	ts
j	dʒ
t	s
ɡn	ɲ
nj	ɲ
nk	ɲ
a	ə
l	ɲ
k	t
ɡ	d
n	r
t	s
kl	ʎ
ɡl	ʎ
lj	ʎ
p	v
b	v
t	ð
d	ð
p	b
s	z
ts	dz
k	js
k	j
k	j
ɡ	j
k	v
k	u
k	jv
k	ju
kj	ts
kkj	ts
pj	tʃ
bj	dʒ
vj	dʒ
mɲ	ndʒ
mj	ndʒ
e	i
k	tʃ
ɡ	dʒ
ɛ	iɛ
ɔ	uɛ
s	js
j	js
zj	jz
rj	jr
ɛ	ɛa
l	u
l	u
e	u
l	u
o	u
au	ɔ
ɛau	ɔ
é	ɛi
é	ɛ
ó	ou
ou	ɛu
ó	ɔ
ó	ou
e	ə
e	ɛ
o	ou
o	ɔ
a	ə
a	ɛ
ɛ	i
a	ə
uɛ	ɛu
ai	e
ai	ɛ
iɛɪ	i
ou	u
ɛu	œ
u	y
uɛi	yi
ei	oi
ɔi	oi
ɔ	u
ɲ	in
ɛ̃	ã
aı̃	ɛ̃
eı̃	ɛ̃
ỹ	œ̃
ʎ	j
r	ʁ
oi	wɛ
wɛ	wa
oı̃	wɛ̃
t	dʒ
k	dʒ
au	u
au	o
k	tʃ
ɡ	dʒ
k	k
l	j
kt	t
ɛ	jɛ
j	dʒ
j	dʒ
dj	dʒ
ɡj	dʒ
lj	ʎ
nj	ɲ
ɡn	ɲ
ɔ	uo
b	v
l	j
sj	dʒ
ta	ta
te	ta
t	d
k	ɡ
s	ʃ
j	ʃ
tj	ts
ks	s
w	ɡw
rs	s
u	w
w	u
au	a
au	o
e	i
i	e
e	e
e	ɛ
i	e
e	e
i	e
e	e
i	e
e	e
ae	e
i	e
e	e
ae	e
i	e
e	e
ae	e
i	e
e	e
ae	e
u	o
o	o
o	ɔ
u	o
o	o
u	o
o	o
u	o
o	o
u	o
o	o
u	o
o	o
u	o
o	o
o	u
oe	e
ae	ɛ
ɛ	e
ɔ	o
olt	ujt
okt	ujt
ujt	ut
aɫ	o
ɫ	w
o	u
ɔ̃	õ
ã	ão
ãe	ão
õe	ão
nas	nas
nas	nas
ı̃	iɲ
e	o
e	o
e	i
k	ts
ts	s
k	ɡ
ɡ	d
d	dʒ
dʒ	ʒ
j	dʒ
dʒ	ʒ
pl	ʃ
pl	pr
l	r
fl	ʃ
fl	fr
fl	ʃ
skl	ʃ
nɡi	ɲ
s	ʃ
s	ʒ
kl	kʎ
kʎ	tʃ
tʃ	ʃ
kl	ʎ
ɡl	ʎ
k	kw
k	ɡ
k	ɡw
ɡ	ɡw
ɡ	ɡw
b	v
ɡ	j
pl	br
bl	br
bl	l
p	b
t	d
p	b
t	d
k	ɡ
k	j
ks	ʃ
ɡn	ɲ
tj	z
tj	s
tj	s
dj	dʒ
dʒ	ʒ
dj	dz
dz	ts
ts	s
ndj	nts
nts	ns
ns	ɲ
sj	jʒ
s	jʃ
j	jʃ
nj	ɲʎ
mnj	ɲʎ
lj	jr
kj	ts
ts	s
ɡj	ʒ
ɡj	j
pj	jb
bj	jv
vj	jv
mj	jm
k	j
f	v
s	z
sk	jʃ
k	z
k	ɡ
b	v
e	j
a	e
o	u
ɪ	e
ʊ	o
ɔ	y
ɔ	ɥe
ɔ	ɥo
ɔ	ɥe
ɔ	ɥo
ɔ	ɔ
a	å
å	a
ɛ	e
ɔ	o
ɛ	jɛ
ɔ	wɔ
e	i
e	i
ɛ	jɛ
ju	jeu
o	y
o	y
o	y
ɔ	ɔ
ɔ	we
u	y
o	u
e	j
a	e
œ	e
e	e
i	e
u	o
au	a
k	j
e	i
a	o
u	o
v	b
b	β
d	ð
ɡ	ɣ
βj	j
k	tʃ
ɡ	dʒ
tʃ	ts
rs	s
p	b
t	d
k	ɡ
s	z
w	v
w	v
w	v
v	β
β	w
w	ɡw
ts	dj
dj	j
p	f
k	tʃ
sk	stʃ
ɡ	dʒ
tʃ	ts
ts	s
j	dʒ
f	h
β	b
β	gw
β	v
k	kw
ɡ	ɡw
i	e
b	p
d	t
dz	ts
dʒ	tʃ
z	s
ʒ	ʃ
ɡ	k
tʃs	ts
tʃs	tʃ
j	i
ð	t
β	u
k	tʃ
mn	mpn
mpn	n
ɡ	k
ɡ	k
ɡ	j
l	w
ms	mps
ns	nts
ts	s
β	b
β	v
tʃ	i
tʃ	i
tʃ	jdz
jdz	jz
tʃ	dz
dz	z
ð	i
ð	i
ɡ	j
ɡ	j
j	dʒ
dʒ	j
l	u
s	r
j	dʒ
j	i
j	dʒ
β	u
tl	l
dl	l
kl	ʎ
ɡl	ʎ
p	b
j	i
p	b
k	ɡ
tʃ	i
b	b
b	u
b	u
b	y
b	i
β	u
β	u
β	y
β	i
j	i
t	ð
d	ð
ð	i
βw	w
tw	dw
w	ɡ
dw	ɡ
dw	ɡ
kw	ɡ
k	ɡ
lw	lɡ
rw	lɡ
nw	ŋɡ
ŋkw	ŋɡ
ŋɡw	ŋɡ
pw	upw
upw	up
up	ub
βj	udʒ
βj	uj
β	u
β	b
β	v
ktj	is
klj	ʎ
tʃj	ts
k	ts
j	ts
tʃ	ts
j	ts
k	ts
j	ts
d	dʒ
ɡ	dʒ
d	ndʒ
ɡ	ndʒ
nd	ndʒ
ɡ	ndʒ
ltj	lts
ltʃj	lts
ldʒ	ldz
lts	uts
ldz	udz
uts	us
udz	uz
l	ʎ
j	ʎ
l	ʎ
dʒ	ʎ
lnj	ɲ
lvj	lbj
lbj	ubj
nj	ɲ
mbj	mbj
mbj	mdʒ
mbj	ndʒ
mnj	ɲ
mnj	ndʒ
mj	mj
mj	ɲ
ntʃj	nts
ndj	nts
nts	ns
ndj	ɲ
ndʒj	ɲ
ndʒ	ɲ
ndʒ	ndʒ
p	b
ptj	ts
ts	s
pj	ptʃ
ptʃ	tʃ
rtʃj	rts
rts	rs
rdj	rdz
r	rdʒ
ɡ	rdʒ
rdʒ	rdʒ
rdʒ	rdz
rtj	rts
rts	rs
r	rdʒ
ɡ	rdʒ
r	ir
j	ir
rt	rdʒ
ɡ	rts
rtj	rts
rts	rs
v	v
v	b
rj	r
r	ir
rj	r
s	ʃ
j	ʃ
stʃj	ʃ
stj	ʃ
ʃ	is
sj	ʒ
ʒ	ʒ
ʒ	dʒ
ʒ	iʒ
ʒ	idʒ
sj	ʒ
ʒ	r
ʒ	z
sj	ʒ
ʒ	iz
t	dʒ
ɡ	dʒ
trj	ir
t	ts
j	ts
ts	s
tj	tʃ
tʃ	dj
dj	djʒ
djʒ	dz
djʒ	idz
l	u
l	u
l	u
ndt	nd
ndt	nt
ndtʃ	nts
ndtʃ	ndz
ndtʃ	ndʒ
ntʃ	ns
ntʃ	nts
nkt	ɲ
nkt	nt
nkt	ntʃ
nkt	ɲ
nkt	int
nkt	ntʃ
nf	nf
nf	f
nd	n
d	t
rtʃ	rs
rtʃ	rts
rdtʃ	rdz
rdtʃ	rts
rdtʃ	rdʒ
rdɡ	rɡ
rdɡ	rdʒ
stʃ	s
stʃ	ʃ
stʃ	tʃ
stʃ	iʃ
stʃ	itʃ
stʃ	is
stɡ	sɡ
stɡ	sdʒ
bk	pts
β	u
βtʃ	uts
βtʃ	udz
uts	us
udz	uz
βt	pt
βd	bd
βt	ut
βd	ud
ktʃ	tʃ
ktʃ	itʃ
ktʃ	its
its	is
tʃ	i
tʃ	s
kt	it
ɡd	id
tʃt	tʃ
kt	tʃ
ɡd	dʒ
dtʃ	ts
dtʃ	dʒ
dtʃ	dz
dz	z
ɡnd	ŋnd
ɡnt	ŋnt
ŋnd	ɲd
ŋnt	ɲt
ɲd	nd
ɲt	nd
ɲd	ɲd
ɲt	ɲd
ɲd	ndʒ
ɲt	ndʒ
ɲd	ind
ɲt	ind
ɲd	ɲd
ɲt	ɲd
ɲd	ndʒ
ɲt	ndʒ
ɡn	ŋn
ŋn	ɲ
ksk	stʃ
ks	ʃ
ʃ	s
ks	is
pk	ptʃ
pt	ut
pt	it
td	t
jd	dʒ
jd	id
ɛ	ej
e	je
a	e
u	y
y	i
a	ə
a	e
k	tʃ
ɡ	dʒ
r	s
m	n
s	i
e	ɛ
ae	ɛ
oe	e
o	o
o	o
u	u
u	u
e	e
i	e
ae	e
oe	e
e	e
i	e
ae	e
oe	e
o	o
u	o
o	o
u	o
e	e
i	e
ae	e
oe	e
e	e
i	e
ae	e
oe	e
o	o
u	o
o	o
u	o
u	o
s	i
k	p
ɡ	b
ɡ	m
k	tʃ
ɡ	dʒ
ɛ	ie
t	ts
d	dz
s	ʃ
o	u
e	i
a	ɨ
e	a
li	lj
l	lj
el	e
a	a
l	r
m	u
b	u
c	p
sc	ʃt
st	ʃt
s	ʃ
kj	tʃ
pj	ɥ
sj	ʃ
stj	ʃ
s	ʃ
j	ʃ
j	s
j	z
dj	ʒ
dj	z
ja	e
l	j
a	e
a	ə
o	u
e	ə
e	ə
a	ə
o	u
e	i
e	ə
e	ə
e	ə
o	u
a	ə
e	i
i	j
i	j
au	o
ai	e
nd	ɳɖ
l	ɖ
ld	ɖ
t	k
r	l
l	r
i	dʒ
j	dʒ
v	b
kw	p
ɡw	b
k	ts
ps	s
ks	s
o	u
li	l
lj	l
l	ts
l	dz
l	ldz
l	dʒ
l	l
t	d
sk	s
i	ɡ
j	ɡ
ni	ndʒ
nj	ndʒ
ti	ts
tj	ts
d	r
b	β
d	ð
ɡ	ɣ
ɡn	n
r	ur
r	ar
b	β
tj	ts
kj	ts
t	t
t	s
j	t
j	s
k	t
k	s
j	t
j	s
ptj	t
ptj	s
ktj	t
ktj	s
skj	t
skj	s
k	tʃ
ɡ	dʒ
tʃ	ts
dʒ	dz
k	x
ɡ	x
x	j
pt	t
ɾs	s
ps	s
ns	s
mb	m
mn	n
jl	ʎ
lj	ʎ
jn	ɲ
nj	ɲ
jɡ	ʝ
ɡj	ʝ
bj	ʝ
e	i
ɛ	e
a	e
ɔ	o
o	u;
e	i
ɛ	e
ɔ	o
a	e
oj	we
ɛ	je
ɔ	we
je	i
o	i
je	o
o	o
je	jo
o	jo
je	i
a	a
jt	tʃ
js	ʃ
f	h
ɾj	jɾ
pj	jp
ʎ	ʒ
p	b
t	d
k	ɡ
s	z
ts	dz
t	ts
s	ts
n	ɲ
l	ʎ
ɾɾ	r
kl	ʎ
pl	ʎ
pl	tʃ
fl	ʎ
sj	js
i	e
u	o
d	ð
ɡ	ɣ
mn	ɲ
tst	ts
dzd	dz
nts	ndz
ndz	nɡ
ɡ	nɡ
mp	nt
t	nt
sk	sp
p	sp
sp	st
t	st
st	sk
k	sk
n	l
n	ɾ
n	ɾ
n	l
n	ɾ
dn	nd
dl	ld
ml	lm
nɾ	ɾn
βɣ	wɣ
wɣ	ɣw
mn	mbɾ
ml	mbl
b	u
l	u
ts	s̪
dz	z̪
z̪	s̪
z	s
ʒ	ʃ
ʃ	x
ʃ	χ
x	h
/dɾ/	ɾ
ʎ	/ʝ/
ʎ	j
/ʝ/	ʒ
/ʝ/	dʒ
ʒ	ʃ
s̪	/s/
s	/s/
s̪	h
s	h
s̪	h
s	h
s̪	θ
s̪	θ
s	θ
n	ŋ
b	β
ɡ	ɣ
d	ð
tɾ	tɾ̥
tɾ	tʃ
tɾ	tʂ
r	ʐ
r	χ
l	ɾ
ɾ	l
s	ɾ
kθ	θ
t	f
ḱ	k
ɡ́	ɡ
k	p
ɡ	b
ɡ́	h
x	h
ɸ	f
θ	f
ɡ	f
r̥	er
eu	ou
z	r
d	rs
ḱ	k
dz	ts
k	ɕ
k	ɕ
y	ɕ
p	pj
ts	s
k	s
ts	s
k	s
m	ʂ
n	mj
l	ɲ
r	lj
y	rj
t	t
d	t
t	ts
d	ts
d	t
d	t
n̩	ə
r	ur
h	ɨ
r	ɛr
hn̩	ɨn
ɛ	r
h	ə
e	ə
h	a
e	a
a	ɨ
eh	a
ah	a
a	ɔ
h	o
e	o
o	ɛ
eh	o
oh	o
o	u
o	u
s	u
o	u
y	u
o	u
n	õ
õ	o
o	a
u	wə
u	ə
u	u
uh	u
u	wə
i	ə
i	ə
ih	jə
ih	jɨ
ih	jɨ
e	jə
h	jə
e	jə
e	jɛ
h	jɛ
e	jɛ
e	ə
e	ɛ
eh	e
ow	ɛu
aw	au
ew	əw
oy	ɛi
ay	ai
ey	əj
ɛ	o
ɛ	ə
ə	a
ɨ	a
 stress	a
ə	ə
 stress	ə
s	ʂ
k	p
n	j
ai	e
ɛi	e
əj	i
au	o
ɛu	o
əw	u
ɔ	a
ɛ	a
k	k
kw	k
au	au
ɛu	au
əw	u
ai	ai
ɛi	ai
əj	i
ɔ	o
ɛ	e
mn	nm
 stress	̃
 stress	̃
z	h
ɨ	ə
ɨ	i
m	̃
s	r
c	c
c	z
ŋ	m
k	p
h	p
m	w
m	w
m	p
ɲ	j
ɲ	̃
k	ʔ
k	ʔ
ŋ	n
ŋ	j̃
ŋ	j̃
t	r
t	l
b	β
ɡ	β
ts	t
dz	nd
ndz	nd
r	l
ð	c
nŋ	β
j	ɲ
ŋ	m
m	m
m	p
d	t
ŋ	ɡ
ŋ	k
u	o
a/e	e
e/a	a
ı̃	ẽ
ẽ	ẽ
t	r
ɡ	k
k	ɡ
ɡ	k
ɡ	k
ŋɡ	k
ɡ	k
ts	s
ts	ts
dz	s
ndz	s
b	t
d	t
ð	t
ð	s
ð	h
ŋ	k
ŋ	m
ŋ	k
ɨ	i
a/e	a
e/a	a
ı̃	ẽ
ẽ	ẽ
t	r
ɡ	k
ɡ	β
ŋɡ	k
dz	s
ts	s
ndz	s
ts	s
dz	t
ts	t
ndz	t
ts	t
ð	s
ð	h
ð	h
b	p
ŋ	β
ŋ	k
ŋ	m
u	o
a/e	e
p	β
t	r
t	l
k	ɡ
b	β
ts	t
dz	nd
ndz	nd
r	n
ŋ	β
ð	d
ð	nd
ŋɡ	k
u	ɨ
a/e	a
e/a	e
ı̃	ı̃
ẽ	ı̃
p	k
t	tʃ
b	w
b	m
r	n
r	r
r	t
b	w
a	ɨ
a	o
o	a
a	o
ã	a
ã	õ
ẽ	i
ı̃	i
ɨ̃	ɨ
u	o
ũ	o
õ	o
p	k
t	tʃ
ts	ts
ts	tʃ
ŋ	n
b	w
w	u
e	y
e	ɨ
o	u
o	ua
ã	a
ẽ	i
ı̃	i
u	ũ
iʔ	j
uʔ	w
t	ts
b	w
a	ə
a	ə
o	u
ã	ə
ẽ	e
ı̃	i
ɨ̃	ɨ
õ	o
ũ	o
m	ŋ
p	k
t	tʃ
m	nas
n	nas
ŋ	nas
m	ŋ
p	k
t	tʃ
ts	ts
ts	tʃ
m	nas
ŋ	nas
n	r
n	nas
a	ã
e	ẽ
i	ı̃
ɨ	ɨ̃
u	ũ
õ	o
p	h
t	tʃ
b	p
r	t
b	w
ã	a
u	õ
n	nas
r	r
r	t
e	ı̃
ẽ	ẽ
ẽ	e
ı̃	ı̃
ı̃	i
ũ	ũ
ũ	õ
p	h
t	ts
t	tʃ
ts	s
ts	ʃ
m	nas
n	nas
ŋ	nas
j	j
j	i
j	ɲ
j	tʃ
w	ɡ
w	k
o	u
o	o
u	u
u	o
u	i
a	ã
e	ẽ
i	ı̃
ɨ	ɨ̃
ɨ	ĩ
u	õ
ɨ̃	õ
õ	ẽ
ũ	õ
t	tʃ
ts	s
ts	ʃ
i	ı̃
p	v
v	w
tʃ	ʃ
o	u
b	m
ʃ	tʃ
p	k
t	ʃ
k	k
k	ʃ
ts	s
ts	h
n	nas
ŋ	nas
j	j
j	i
b	w
u	o
a	a
a	ã
i	ı̃
u	u
u	ũ
ẽ	ẽ
ẽ	e
õ	o
õ	õ
õ	u
õ	ũ
q	x
ɬ	s
ʂ	s
ʈʂ	ts
ʈʂ	ts
tɬ	ts
ɖʐ	dz
ʐ	z
w	v
k	k
k	tʃ
k	k
k	tʃ
ɡ	ɡ
ɡ	dʒ
ɬ	l
ʃ	sɡ
ʃ	ʃɡ
ʂ	ʃ
tʃ	tʃk
tʃ	ʃɡ
ʈʂ	tʃ
tɬ	h
tʃ	ʃk
tʃ	tʃ
tʃ	k
ʈʂ	tʃ
dz	dz
dz	z
dʒ	dʒɡ
dʒ	sɡ
ɖʐ	dʒ
ɖʐ	ʒ
ʐ	ʒ
ɛ	ɑ
ɑ	ɔ
q	x
q	k
q	q
q	ʔ
ʃ	sk
ʃ	ʃk
ʂ	ʃ
tʃ	tʃk
ʈʂ	tʃ
tɬ	tʃ
ʈʂ	tʃ
tʃ	ts
tʃ	k
tʃ	tʃ
tʃ	k
dʒ	dʒɡ
dʒ	dzɡ
ɖʐ	dʒ
ʐ	ʒ
w	v
ǀ̃	ǂ̃n
ǀ̃n	ǂ̃n
!	!
!	k
!x	x
!̬	ɡ
!̃	ŋ
!̃n	ŋ
ts	ts
ts	ts
ts	ts
ts	s
h	j
ǀ̃	ǂ̃n
ǀ̃n	ǂ̃n
!	!
!	k
!̬	!̬
!̬	ɡ
!̃	!̃
!̃	ŋɡ
!̃	!̃n
!̃	ŋɡ
!x	!x
!x	x
ts	ts
ts	s
h	j
h	ʔ
h	h
h	ʔ
ǀ̃	ǂ̃
ǀ̃n	ǂ̃
!	k
!̬	ɡ
!̃	ŋɡ
!x	x
!̃n	ŋɡj
!̃n	!̃
ts	ts
ts	ts
ts	ts
ts	s
h	j
!̃	ǂ̃
!̃n	ǂ̃
!	k
!	ɡ
!̃	ŋɡ
!x	x
!̃n	ŋɡj
!̃n	!̃
ts	ç
ts	tç
dz	dʒ
k	kx
h	j
k	ɡ
ǀ	ǀ
ǀx	ǀ
ǀ̃	ǂ̃
ǀ̃n	ǂ
!	!ɡ
!̃n	!̃
ǂ	ǂɡ
ǂ̃n	ǂ
ǂ	ǂ
ǂx	ǂ
ǁ	ǁ
ǁx	ǁ
ts	ts
ts	s
dz	d
ǀ̃	ǂ̃
ǀ̃n	ǂ̃
ts	ts
ts	ts
ts	ts
ts	s
dz	dz
dz	ts
k	kx
k	k
ǀ̃	ǂ̃
ǀ̃n	ǂ̃
!̃n	!̃
ǂ̃n	ǂ
ǁ	ǁ
ǁ	ǁ
ts	ts
ts	s
ǀ̃	j
ǀ̃n	j
!	k
!̬	ɡ
!̃	ŋ
!̃n	ŋ
!x	x
ǂ	c
ǂ̃n	ɲ
ǂ	ʔj
ǁx	ǁ
ts	ts
ts	ts
ts	ts
ts	s
dz	z
kx	k
h	j
h	ʔj
h	h
h	ʔj
ǀ̃	j
ǀ̃n	j
ǀx	ǀ
!	k
!̬	ɡ
!̃	ŋɡ
!̃n	ŋɡ
!x	x
ǂ̃n	ɲ
ǂx	ǂ
ǁx	ǁ
ts	ts
ts	ts
ts	ts
ts	s
dz	z
kx	k
h	j
h	ʔj
h	h
h	j
ǀ̃	ǂ̃n
ǀ̃n	ǂ̃n
!̃	!̃
!̃	!̃n
!x	!x
!x	x
ts	ts
ts	tsɦ
ts	s
h	j
h	ɦ
iaɔ	iu
n	nas
t	c
t	tʃ
d	ɟ
s	ʃ
!!	ǁ
q͡ɢ	q
ui	o
o	a
ʕ	ʔ
ts	tʃ
ts	tʃ
s	ʃ
!!	ǁ
ʘ	ǀ
ǂ	!!
ui	o
ɛ	i
ɔ	u
o	a
ʕm	b
ʕm	ɓ
ts	tʃ
ts	tʃ
s	ʃ
!!	ǁ
ʘ	ǀ
q	q
q	q
ǀ	ǀ
͜q	ǀ
ǀ	ǀ
͜ɢ	ǀ
d	ɾ
e	ɛ
o	ɔ
k	ɣ
b	β
b	m
b	β
b	w
ɡ	ɣ
ti	s
t	t
t	ɾ
t	n
d	n
iiɛ	ijɛ
diɛ	βe
p	p
p	f
d	n
ti	s
b	β
b	m
p	p
p	f
b	w
d	ɾ
k	ɡ
k	ɣ
iiɛ	dzɛ
diɛ	ɾɛ
p	ɸ
b	β
d	ɾ
k	x
k	k
ti	s
b	β
b	m
iiɛ	ijɛ
diɛ	βie
p	ɸ
d	ɾ
ku	b
p	ɸ
ti	s
ti	ti
d	ɾ
d	d
i	î
u	û
a	e
e	ɛ
o	ɔ
ɸ	h
b	m
b	b
d	d
d	n
d	l
d	dz
s	s
s	t
ɛ	e
ɸ	ɸ
ɸ	h
b	m
b	b
d	d
d	l
d	n
au	ɔ
ti	s
ti	ti
a	e
e	ɛ
p	h
p	ɸ
i	î
u	û
ku	b
p	p
p	ɸ
di	dz
i	î
u	û
p	p
p	h
di	dz
i	î
u	û
dz	î
i	i
i	i
p	ɸ
i	î
u	û
p	ɸ
p	h
b	b̚
i	î
u	û
p	p
p	h
di	dz
i	î
u	û
ik	ɡ
p	p
p	ɸs
d	d
d	t
i	î
u	û
ik	ɡ
p	ɸ
i	î
u	û
p	ɸ
p	h
b	b
b	β
k	k
k	x
k	ɡ
k	ɣ
b	m
b	b
b	b
ti	s
di	dz
p	ɸ
p	h
b	b
b	β
k	k
k	x
k	ɡ
k	ɣ
b	m
d	n
ti	s
p	ɸ
p	h
b	b
b	β
k	k
k	x
k	ɡ
k	ɣ
b	m
d	n
b	b
b	b
d	d
d	d
ti	s
di	dz
p	ɸ
p	h
b	b
b	β
k	k
k	x
k	ɡ
k	ɣ
b	m
d	n
b	b
b	b
d	d
d	d
ti	s
p	ɸ
p	h
b	b
b	β
k	k
k	x
k	ɡ
k	ɣ
b	m
b	b
b	b
ti	s
di	dz
p	ɸ
p	h
b	b
b	β
k	k
k	x
k	ɡ
k	ɣ
b	m
b	b
b	b
d	d
d	d
ti	s
di	j
p	ɸ
p	h
b	b
b	β
k	k
k	x
k	ɡ
k	ɣ
b	m
d	n
b	b
b	b
d	d
d	d
ti	s
di	dz
p	f
p	ɸ
ɗ	t
dz	s
ts	s
ɓ	b
ɓ	ɸ
p	ɸ
p	ɸ
t	t
ɗ	t
ɡ	w
ts	s
tʃ	s
ts	s
tʃ	s
dz	ɟ
e	a
e	i
p	ʔ
p	h
dz	s
ɓ	b
ɓ	f
ɗ	t
p	ɸ
p	ɸ
t	t
d	t
ɡ	w
dz	ɟ
ts	s
tʃ	s
ts	s
tʃ	s
ɓ	b
ɓ	p
ɗ	t
ɡ	w
tʃ	ʃ
e	ɨ
e	a
p	h
ɓ	h
p	h
ɓ	h
ɗ	d
ɗ	t
ts	s
ts	s
e	a
e	a
e	i
p	ɸ
t	ʔ
ts	s
ts	s
l	ɾ
s	kh
s	z
d	r
ts	s
e	a
ia	ə
b	p
s	h
s	h
ts	s
ts	z
a	i
u	o
i	u
i	a
i	e
a	i
s	ʃ
s	tʃ
s	h
n	n
s	n
n	n
s	n
n	n
s	n
n	s
s	s
d	ʒ
s	ʒ
d	ʒ
s	ʒ
d	ʒ
s	ʒ
s	s
s	tʃ
j	i
e	a
u	w
s	ts
s	ʃ
s	s
s	ts
dj	l
d	l
j	l
sj	dʒ
s	dʒ
j	dʒ
d	l
e	a
i	ə
s	s
s	x
s	tʃ
s	ʃ
s	ʃ
s	tʃ
s	x
w	b
m	b
sd	d
s	d
d	d
e	a
a	i
ue	ə
aja	ə
e	u
ɡ	b
ds	r
nj	r
ds	r
n	r
j	r
d	r
s	r
nj	r
d	r
s	r
n	r
j	r
ns	s
ns	r
n	s
n	r
s	s
s	r
dj	r
dj	r
d	r
d	r
j	r
j	r
d	r
s	h
ts	tʃ
tʃ	s
m	b
e	a
ai	e
i	a
e	i
b	m
d	n
b	p
d	l
s	ts
ts	ts
o	u
o	o
a	a
a	e
b	m
d	n
b	b
b	p
d	l
ts	s
u	w
i	j
i	j
u	w
u	w
i	j
s	f
s	f
s	f
s	f
u	w
i	j
s	f
s	f
a	i
i	e
ɕ	h
tɕ	h
x	k
ŕ	r
b	ɓ
d	ɗ
t	k
tʃ	s
tɕ	ʃ
s	ð
ɕ	h
n	ɲ
d	dz
ts	tʃ
tʃ	ts
ɕ	ʃ
ɕ	ð
x	h
w	β
j	tʃ
tɕ	dʑ
tʃ	ts
ɕ	s
x	h
w	β
j	tʃ
p	f
k	k
ɡ	k
l	d
z	s
z	j
w	ɡ
ŋ	ɲ
kp	k
ɡb	ɡw
d	l
ŋ	ɲ
kp	kp
kp	k
kp	ɡb
j	i
d	l
ŋ	ɲ
kp	ɡb
p	f
f	v
d	l
ŋ	ɲ
kp	p
kp	b
ɡb	b
p	f
l	d
z	s
ɡ	k
w	k
kp	k
ɡb	b
ŋ	ɲ
f	p
t	l
d	l
k	k
ɡ	k
z	s
w	ɡ
ŋ	ɲ
kp	k
kp	b
ɡb	b
p	f
l	d
z	s
k	s
ɡ	s
kp	s
kp	b
ɡb	b
ŋ	ɲ
w	k
j	dʒ
f	v
d	l
ŋ	ɲ
kp	ɡb
f	v
d	l
ŋ	ɲ
kp	ɡb
d	l
ŋ	ɲ
kp	k
kp	b
p	f
f	d
t	t
t	d
k	k
ɡ	k
w	k
l	d
z	s
ɡb	b
j	dʒ
ŋ	ɲ
p	f
t	t
t	d
k	k
ɡ	k
z	j
w	j
ŋ	j
kp	k
ɡb	b
p	f
l	d
z	s
w	x
ŋ	j
kp	k
ɡb	b
q	k
q	k
ŋ	n
a	ɨ
e	i
o	u
r	j
ŋ	n
r	j
w	b
h	w
q	k
q	k
ŋ	h
k	k
round	k
glide	k
ŋ	x
t	tʃ
r	t
r	j
tʃ	ʈʂ
ŋ	x
h	j
ɓ	ʔ
w	j
t	tʃ
t	tʃ
ŋ	x
t	tʃ
t	tʃ
ŋ	x
t	tʃ
r	t
r	j
tʃ	ʈʂ
t	ts
t	ts
r	t
t	tʃ
tʃ	ʈʂ
ʃ	ʂ
q	k
q	k
ŋ	n
r	j
q	k
q	k
ŋ	n
a	ɨ
e	i
o	u
q	k
q	k
ŋ	n
a	ɨ
t	tʃ
t	tʃ
t	tʃ
l	j
̂	ko
θ	ɬ
x	f
ʃ	ts
ts	s
x	h
ʃ	ts
k	b
h	x
x	w
x	h
m	ŋ
kl	k
ʃ	ts
x	j
x	h
ʃ	ts
ts	s
nt	t
x	h
x	j
tʃ	s
ʃ	ts
x	h
ʃ	ts
x	h
tl	t
ts	s
tʃ	ts
θ	n
s	ʃ
x	h
 weak	ʔ
 weak	h
x	h
a	o
oj	i
aj	a
aj	i
tl	l
st	t
aw	o
x	ɬ
ɬ	ɬ
ʔ	∅/
x	h
ɬh	ɬ
a	o
p	k
k	ts
k	ts
ɡ	dz
x	s
ɬ	ɬ
ɬ	l
ʃ	ʂ
ʃ	ʐ
s	s
dz	z
k	tʂ
k	tʂ
ɡ	ɖʐ
x	x
x	j
x	ʂ
x	ʐ
χ	χ
χ	ʁ
tš	ts
tš	ts
k	tš
ʃ	s
x	s
ʃ	s
x	s
ɑ	a
ə	e
ʊ	o
tš	ts
tš	ts
u	o
u	u
ɑ	ə
ʊ	u
ts	th
tš	ts
tš	ts
k	tš
q	k
e	u
n	d
ɲ	d
ɑ	ə
tš	ts
tš	ts
k	tš
e	i
ɑ	e
ə	ɪ
ts	th
tš	ts
tš	ts
k	tš
q	k
t	k
a	f
o’	f
ɑ	a
ʊ	o
tš	ts
tš	ts
k	tš
q	k
u	o
u	u
ɑ	ə
ʊ	ə
ts	th
tš	ts
tš	tṣ
tṣ	ts
k	k
k	tš
w	v
v	w
ɲ	ŋ
e	a
u	i
a	u
ɑ	ə
ʊ	ə
tš	tš
tš	tš
tš	ts
e	a
a	u
u	i
ə	ə
ʊ	ə
x	s
z	j
ʒ	j
ɣ	j
z	j
ʒ	j
ɣ	j
ɑ	a
ə	e
ʊ	o
u	i
tš	ts
tš	ts
k	tš
q	k
ts	k
ts	k
ts	k
s	ʍ
z	w
ts	tš
k	ts
ts	th
k	tš
tš	ts
tš	tṣ
q	k
j	ʒ
w	v
n	dʒ
ɲ	dʒ
n	d
ɲ	d
i	i
e	ja
a	i
a	e
u	ju
ɑ	a
ə	a
ʊ	o
ts	th
tš	ts
tš	tṣ
k	tš
q	k
n	d
n	d
j	ʒ
a	æ
ɑ	a
ə	ə
ə	ë
ʊ	o
ts	th
e	a
i	e
e	a
a	ɔ
u	o
ɑ	ŭ
ʊ	ŭ
ts	tł
tš	ts
tš	ts
w	b
b	m
q	x
ʀ	w
q	x
x	x
q	q
q	q
ɢ	ɢ
ɢ	ɢ
ɣ	w
z	s
ʃ	w
ʒ	w
x	w
e	a
a	o
ɑ	ŏ
ʊ	ŭ
ts	tł
tš	ts
tš	ts
w	b
b	m
e	a
a	o
ɑ	ŏ
ʊ	ŭ
ts	tł
tš	ts
tš	ts
k	tš
w	m
w	b
tš	ts
tš	tṣ
k	tš
q	k
e	a
a	o
ɑ	ŭ
ʊ	ŭ
tš	ts
tš	ts
k	tš
q	k
ɑ́	ɑ̄
ə́	ə̄
ʊ́	ʊ̄
e	ɑ
ə	ɑ
ʊ	u
ts	th
th	ts
tš	ts
tš	ts
k	tš
t	tš
ʊ	o
k	ts
m	m
m	b
m	b
b	b
ɣ	h
t	d
x	h
t	k
s	s
sʔ	s
z	s
zʔ	s
ʃ	ʃ
ʃʔ	ʃ
ʒ	ʃ
ʒʔ	ʃ
ɬ	ɬ
ɬʔ	ɬ
ɮ	ɬ
ɮʔ	ɬ
n	d
k	tʃ
xʔ	h
ɣʔ	hʔ
nʔ	 nas
n	 nas
x	h
d	j
j	j
x	ʃ
j	ʒ
d	ʔ
x	h
xʔ	ʔ
ɣʔ	ʔ
x	ih
xʔ	iʔ
j	i
ɡʔ	iʔ
x	h
ʔ	h
jʔ	ʔ
n	d
x	s
j	ɣ
nʔ	 nas
n	 nas
x	ʃ
nʔ	 nas
n	 nas
n	d
x	s
j	ɣ
j	ɣ
x	ʃ
nʔ	 nas
n	d
s	s
sʔ	s
z	s
zʔ	s
ʃ	ʃ
ʃʔ	ʃ
ʒ	ʃ
ʒʔ	ʃ
ɬ	ɬ
ɬʔ	ɬ
ɮ	ɬ
ɮʔ	ɬ
x	ʃ
nʔ	 nas
n	d
z	dz
zʔ	dz
ʒ	dʒ
ʒʔ	dʒ
ɮ	dɮ
ɮʔ	dɮ
ɣ	j
h	j
x	h
x	h
ʔ	h
j	ʔ
jʔ	ʔ
x	h
ɣ	ʔ
xʔ	ʔ
ɣʔ	ɡ
x	s
j	ɣ
s	s
sʔ	s
z	s
zʔ	s
ʃ	ʃ
ʃʔ	ʃ
ʒ	ʃ
ʒʔ	ʃ
ɬ	ɬ
ɬʔ	ɬ
ɮ	ɬ
ɮʔ	ɬ
x	h
x	h
x	h
ʔ	h
jʔ	ʔ
xʔ	ɡ
ɣʔ	ɡ
n	 nas
n	d
s	s
sʔ	s
z	s
zʔ	s
ʃ	ʃ
ʃʔ	ʃ
ʒ	ʃ
ʒʔ	ʃ
ɬ	ɬ
ɬʔ	ɬ
ɮ	ɬ
ɮʔ	ɬ
ɑ	a
ə	ɛ
ʊ	o
tš	ts
tš	ts
k	tš
q	k
ts	k
ts	k
ts	k
s	ʍ
z	w
tɬ	ɬ
tʃ	s
tʃ	s
k	ʃ
tš	ts
tš	ts
k	tš
q	k
ɬ	l
ts	k
ts	p
ts	f
ts	w
s	w
z	w
ɑ	a
ə	e
ʊ	o
tš	ts
tš	ts
k	tš
q	k
ts	p
ts	p
ts	p
s	f
z	v
ɑ	a
ə	e
ʊ	o
tš	ts
tš	ts
k	tš
q	k
ɑ	a
ə	i
ə	e
ʊ	u
q	k
ts	th
tš	ts
tš	ts
k	tš
tš	ts
tš	ts
tš	tš
k	tš
k	tš
ts	th
tš	ts
tš	tṣ
q	k
s’	s
ɲ	nas
n	d
ɲ	d
ʃ	h
ɬ	h
ɑ	æ̆
ɑ	ă
ə	æ̆
ʊ	ŏ
k	tš
ts	th
tš	ts
tšᵚ	tṣ
q	k
s’	s
e	æ
a	ɔ
ɑ	ŭ
ʊ	ŭ
k	tš
ts	th
tš	ts
tš	tṣ
q	k
s’	s
ɲ	nas
n	d
ɲ	d
ʃ	h
ɬ	h
a	e
ɑ	ea
e	i
e	ea
i	ju
u	a
u	ɨ
ʊ	o
ə	a
ə	ɨ
a	ø
ɨ	ø
tš	ts
k	tš
q	k
ʊ	o
ts	th
tš	ts
tš	ts
k	tš
q	k
ɑ	a
ɑ	o
ə	a
ə	o
ʊ	a
ʊ	o
ts	th
tš	ts
tš	ts
k	tš
q	k
e	i
a	e
ɑ	a
ɑ	o
ə	a
ə	o
ʊ	a
ʊ	o
a	f
k	ts
k	ts
ɡ	dz
x	s
x	ʃ
x	x
x	s
ts	s
ts	ts
ʃ	ʃ
ʃ	s
tʃ	tʃ
tʃ	ts
tʃ	s
tʃ	tʃ
k	k
k	ʃ
k	x
k	x
k	x
k	x
k	k
k	k
k	k
k	k
x	x
x	x
q	χ
q	χ
q	χ
q	q
q	χ
q	q
ʋ̃	l̃
u	i
ũ	ı̃
ʋ̃	ũ
ɪ̃	ı̃
i	uɪ
ı̃	uɪ̃
ʋ̃	ʋ
ʄ	c
ɠ	w
ɠ	w̃
ɪ̃	ɛ̃
ɰ	j
ɰ̃	j̃
ɪ	i
ɪ̃	ı̃
ʋ̃	m
lenis	s
i	j
u	w
s	a
s	a
t	ʈ
t	t
d	ɖ
d	d
l	ɭ
l	l
l	ʎ
p	ɸ
t	ɹ
d	d
d	l
c	t
k	h
l	d
p	s
t	s
tʃ	s
k	s
mp	ts
nt	ts
ɲtʃ	ts
nk	ts
b	ts
d	ts
dʒ	ts
ɡ	ts
b	ts
d	ts
dʒ	ts
nɡ	ts
b	ts
d	ts
ɲdʒ	ts
ɡ	ts
b	ts
d	ts
ɲdʒ	ts
nɡ	ts
b	ts
nd	ts
dʒ	ts
ɡ	ts
b	ts
nd	ts
dʒ	ts
nɡ	ts
b	ts
nd	ts
ɲdʒ	ts
ɡ	ts
b	ts
nd	ts
ɲdʒ	ts
nɡ	ts
mb	ts
d	ts
dʒ	ts
ɡ	ts
mb	ts
d	ts
dʒ	ts
nɡ	ts
mb	ts
d	ts
ɲdʒ	ts
ɡ	ts
mb	ts
d	ts
ɲdʒ	ts
nɡ	ts
mb	ts
nd	ts
dʒ	ts
ɡ	ts
mb	ts
nd	ts
dʒ	ts
nɡ	ts
mb	ts
nd	ts
ɲdʒ	ts
ɡ	ts
mb	ts
nd	ts
ɲdʒ	ts
nɡ	ts
m	ɲ
n	ɲ
tʃ	s
k	s
ntʃ	ts
nk	ts
r	ts
ɲdʒ	ts
nɡ	ts
mp	tʃ
mp	tʃ
mp	w
mb	tʃ
mb	tʃw
p	ʃ
p	ʃw
b	dʒ
b	dʒw
d	dʒ
l	dʒ
m	ŋw
n	ɲ
p	sw
t	sw
tʃ	sw
k	sw
mp	ts
mp	w
nt	ts
nt	w
ɲtʃ	ts
ɲtʃ	w
nk	ts
nk	w
b	tsw
d	tsw
dʒ	tsw
ɡ	tsw
b	tsw
d	tsw
dʒ	tsw
nɡ	tsw
b	tsw
d	tsw
ɲdʒ	tsw
ɡ	tsw
b	tsw
d	tsw
ɲdʒ	tsw
nɡ	tsw
b	tsw
nd	tsw
dʒ	tsw
ɡ	tsw
b	tsw
nd	tsw
dʒ	tsw
nɡ	tsw
b	tsw
nd	tsw
ɲdʒ	tsw
ɡ	tsw
b	tsw
nd	tsw
ɲdʒ	tsw
nɡ	tsw
mb	tsw
d	tsw
dʒ	tsw
ɡ	tsw
mb	tsw
d	tsw
dʒ	tsw
nɡ	tsw
mb	tsw
d	tsw
ɲdʒ	tsw
ɡ	tsw
mb	tsw
d	tsw
ɲdʒ	tsw
nɡ	tsw
mb	tsw
nd	tsw
dʒ	tsw
ɡ	tsw
mb	tsw
nd	tsw
dʒ	tsw
nɡ	tsw
mb	tsw
nd	tsw
ɲdʒ	tsw
ɡ	tsw
mb	tsw
nd	tsw
ɲdʒ	tsw
nɡ	tsw
m	ɲw
n	ɲw
ɲ	ɲw
mp	tʃ
mp	tʃ
mp	w
mb	tʃ
mb	tʃw
p	ʃ
p	ʃw
b	dʒ
b	dʒw
m	ŋw
tʃ	s
k	s
ɲtʃ	ts
nk	ts
ndʒ	ts
nɡ	ts
nk	k
k	h
mp	p
nt	t
ɲtʃ	tɬ
nk	q
mp	p
nd	t
ɲdʒ	tɬ
nɡ	k
p	h
t	r
tʃ	tɬ
k	χ
ɲ	n
ntç	t̪
ntç	n̪t̪
tç	t̪
ndj	n̪d̪
nz	n̪d̪
ntç	t̪
ntç	n̪t̪
tç	t̪
ndj	n̪d̪
nz	n̪d̪
ɲz	n̪
ntç	t̪
ntç	n̪t̪
tç	t̪
ndj	n̪d̪
ɲ	ɲ
ɲ	n̪
ntç	t̪
ntç	n̪t̪
tç	t̪
ndj	n̪d̪
nz	n̪d̪
z	ð
nz	ɲd̪
z	ʃ
l	d̪
’p	f
’t	l
’d/d	ɟ
c	s
ɡ	k
ɡ	w
p	b
t	d
’t	l
c	ɟ
k	ɡ
’m	m
m	b
m	m
’n	n
n	d
n	n
’ɲ	ɲ
ɲ	ɲ
ŋ	ɡ
ŋ	ŋ
u	w
o	w
ɛ	j
e	j
i	j
u	w
o	w
ɛ	j
e	j
i	j
u	w
o	w
ɛ	j
e	j
i	j
f	h
ɰɰ̃	l
ɪ	e
ɪ	e
ɪ	i
ɟ	c
ʄ	ɟ
j	ʄ
c	t
ɠ	ɠ̥p
nas	nas
nas	nas
ʋ̃	m
nas	nas
l̃	n
ɛ	ia
w	f
ɰ	h
ɰ̃	h̃
w̃	h̃
h̃	ɕ
h	ɕ
h	ɲı̃
h	w
t	c
l	j
l̃	j̃
f	j
f	j̃
p	f
ʋ̃	f
c	s
k͜p	p
n	ŋ
ʋ	w
l	ɹ
ɛ	e
ɛ̃	ẽ
o	u
ɔ	u
ɛ	i
e	i
jã	ɥ
jẽ	ɥ̃
j	ɲ
ʁ	j
χ	s
ʁ	z
χ	w
h	p
t	tʃ
d	dʒ
ts	s
t	s
dz	z
d	z
tj	tʃ
kj	tʃ
dj	dʒ
ɡj	dʒ
h	ʁ
oi	oe
ɔi	ɔɛ
ɔ̃i	ɔ̃ɛ̃
ai	ɛɛ
ɛi	ɛɛ
ɛ̃i	ɛ̃ɛ̃
ẽi	ɛ̃ɛ̃
ei	ee
ãi	ɛ̃ɛ̃
χ	p
ts	s
dz	z
tj	tʃ
kj	tʃ
dj	dʒ
ɡj	dʒ
h	w
h	ʁ
w	ŋ
ɛ	e
ɛ̃	ẽ
j	ɲ
ts	s
t	s
dz	z
d	z
h	ʁ
t	ʃ
d	ʒ
k	ʃ
ɡ	ʒ
χ	ɸ
ʁ	β
ɛ	ə
e	ə
ɛ	ə̃
ẽ	ə̃
h	w
w	ɣ
w	w
w	ŋ
j	ɲ
ts	s
dz	z
k	tʃ
ɡ	dʒ
ə	e
t	tʃ
d	dʒ
k	ts
ɡ	dz
s	ʃ
t	ts
d	dz
a	e
o	u
ɔ	u
ə	i
t	tʃ
d	dʒ
s	ʃ
k	tʃ
ts	tʃ
ɡ	dʒ
dz	dʒ
χ	ʃ
ʁ	ʒ
ʁ	j
ə	ɛ
ə̃	ɛ̃
t	ts
k	ts
d	dz
ɡ	dz
t	tʃ
d	dʒ
ə	ɛ
ə̃	ɛ̃
k	tʃ
ts	tʃ
ɡ	dʒ
dz	dʒ
ə	e
n	ŋ
k	tʃ
ɡ	dʒ
ə	e
k	tʃ
ts	tʃ
ɡ	dʒ
dz	dʒ
awu	o
aji	i
i	u
u	i
ɟ	j
ubu	u
aba	a
b	w
aɡu	o
ib	iw
i	iw
b	iw
ik	ij
t	ɾ
t	ɾ
t	tʃ
t	ʃ
t	s
t	s
t	tʃ
k	ɡ
k	ɾ
k	b
c	ʃ
tʃ	ʃ
s	tʃ
l	l
l	n
n	l
h	d
h	t
j	n
i	e
ı̃	i
e	a
e	i
e	i
ẽ	a
ẽ	i
ẽ	i
ẽ	e
a	i
a	e
t	tʃ
t	tʃ
k	t
c	tʃ
tʃ	c
s	ʃ
ʃ	s
ç	ʔ
e	a
et	it
e	i
ɛ	ı̃
ɛ	i
e	ʔ#
t	tj
k	tʃ
k	kj
k	w
k	w
k	ʍ
k	kw
ts	tʃ
ts	tʃ
ts	ʃ
c	ts
tʃ	ts
s	ʃ
s	ʃ
s	tʃ
ʃ	s
ts	i
l	lj
n	j
n	nj
h	ʔ
ç	hj
h	ʍ
ẽ	ı̃
ẽ	ı̃
ẽ	ı̃
k	tʃ
e	i
e	i
k	p
n	n
n	ɲ
j	l
j	l
yt	tʃ
ynt	dʒ
ys	ʃ
ns	d
nt	nd
nk	b
nk	mb
nj	r
nw	m
nk	ɡ
nk	ŋ
in	a
en	a
an	u
ihn	ã
ehn	ã
ahn	ã
uhn	ũ
e	i
h	ʃ
h	ʔ
ʃ	h
i	e
i	e
ɨ	e
ɨ	e
e	i
k	ʂ
k	ʂ
k	s̪
k	s̪
l	ɾ
tʃ	ʂ
o	a
ɨ	e
ɨ	e
ɨ	i
ɨ	i
t	j
ʂ	ʃ
k	w
l	ɾ
a	e
o	u
k	w
ʃ	ʂ
ʈ	tʃ
ʈ	tʃ
s̪	ʂ
ʈ	tʃ
ɨ	u
ɨ	i
ʂ	s̪
ʈ	ʈ
ʈ	ts
ʈ	tʃ
k	k
k	w
l	ɾ
a	e
o	u
t	tʃ
h	h
h	x
h	ʔ
ʈ	ʈ
ʈ	tʃ
ʈ	ʈ
ʈ	tʃ
ʈ	ʈ
ʈ	tʃ
k	k
k	w
l	ɾ
a	e
i	e
o	u
r	m
r	j
k	k
k	k
q	k
q	q
q	χ
x	k
χ	k
tʃ	t
tʃ	t
tʃ	t
k	tʃ
k	tʃh
k	tʃ
q	k
q	k
q	k
x	s
χ	h
r	r
r	j
tʃ	t
tʃ	t
tʃ	t
k	tʃ
k	tʃ
k	tʃ
q	k
q	k
q	k
x	s
q	χ
i	e
ɨ	ə
u	o
o	u
t	ts
t	ts
t	ts
t	s
ɨ	i
ɨ	i
ə	e
ə	e
s	ʃ
ts	tʃ
ts	tʃ
ts	tʃ
t	tʃ
t	tʃ
t	tʃ
l	t
ʂ	s
ɨ	i
ɨ	i
ə	e
ə	e
ŋ	n
p	b
t	d
ʈ	ɖ
k	ɡ
i	u
ʈ	tʃ
ʈ	tʃ
ʈ	tʃ
tʃ	ts
tʃ	ts
tʃ	ts
ʈ	ʈʂ
ʈ	ʈʂ
ʈ	ʈʂ
ʃ	s
tʃ	ts
tʃ	ts
tʃ	ts
s	ʃ
t	ts
t	ts
t	ts
ts	tʃ
ts	tʃ
ts	tʃ
ɨ	i
ɨ	i
q	χ
χ	q
ts	tʃ
tsh	tʃ
tʃh	s
ʈʂ	s
ʈʂ	tʃ
ʈʂ	tʃ
ɸ	p
ɸ	p
ɸ	p
ʃ	s
ʂ	h
qh	h
ph	p
th	t
kh	k
qh	q
k	h
q	h
ts	tʃ
tsh	tʃ
tʃh	tʃ
tʃ	ʃ
ʈʂ	s
ʈʂ	tʃ
ʈʂ	tʃ
ɸ	p
ɸ	p
ɸh	p
ʃ	s
ʂ	h
χ	q
ph	p
ph	p
p	p/
ph	p
ph	p
kh	k
kh	k
kh	k
kh	k
qh	q
ts	tʃ
tsh	tʃ
tʃ	s
tʃh	s
tʃh	tʃ
tʃ	tʃ
ʈʂ	s
ʈʂ	tʃ
ʈʂ	tʃ
ʈʂ	tʃ
ɸ	p
ɸ	p
ɸh	p
ʃ	s
ʂ	h
χ	q
tʃ	ts
q	q͡χ
ts	tʃ
tsh	tʃ
tʃ	ts
tʃ	ts
ʈʂ	s
ʈʂ	tʃ
ɸ	p
ɸ	p
ɸ	p
ʂ	ʃ
ʂ	h
ɲ	n
aw	u
aj	e
uj	i
ij	i
p	b
t	d
t	d
k	ɡ
k	ɡ
ʈʂ	tʃ
ɸ	p
ɸ	p
ɸ	p
ʂ	s
q	h
p	b
t	d
t	d
k	ɡ
k	ɡ
k	ɡ
k	h
ts	dz
tʃ	ʃ
tʃh	ʃ
ʈʂ	ʃ
ʈʂ	tʃ
ɸ	p
ɸ	ɸ
ɸh	ɸ
ʂ	ʃ
χ	h
q	k
qh	k
qh	k
p	b
t	d
t	d
k	h
k	ɡ
kh	k
kh	k
k	ɡ
ts	dz
tʃh	ʃ
ʈʂ	s
ʈʂ	tʃ
ʈʂ	ts
ɸ	p
ɸ	b
s	ʃ
ʂ	ʃ
χ	k
ɲ	n
ʎ	ʒ
k	h
q	h
k	c
ts	tʃ
tsh	tʃ
tʃ	ʃ
ʈʂ	ʃ
ʈʂ	tʃ
ɸ	p
ɸ	p
ɸ	p
ʃ	s
ʂ	h
ʎ	ʒ
w	m
q	k
qh	k
p	b
t	d
t	d
k	ɡ
k	ɡ
tʃ	ʃ
tʃh	ʃ
ʈʂ	ʃ
ʈʂ	tʃ
ʈʂ	tʃ
ɸ	p
ɸ	p
ɸ	p
ʂ	ʃ
χ	k
ɲ	n
ts	θ
ts	θ
l	w
l	w
l	w
l	w
l	j
l	j
w	ɡ
j	dʒ
ʔ	ʔ
ʔ	ʔ
a	ə
ə	a
a	i
i	i
a	a
i	ə
i	ə
ə	ə
i	ə
ə	ə
i	i
ə	i
i	i
ə	i
i	i
ə	i
n	l
ts	θ
ts	θ
tʃ	ts
tʃ	ts
ʔr	r
lʔn	l
u	a
u	ə
a	ə
a	ɛ
i	i
i	ə
u	o
ə	o
u	ə
ə	ə
u	a
ə	a
a	ɛ
ə	ə
a	ɛ
i	ɛ
i	ə
e	i
i	ə
ə	ə
i	ə
ə	ə
ts	θ
ts	θ
tʃ	ts
tʃ	ts
s	ʃ
x	ʃ
ʔ	ʔ
ʔ	ʔ
ʔr	ʔr
ʔr	rʔ
a	ɛ
u	a
a	ə
u	ə
i	i
i	ə
a	ə
ə	ə
a	a
i	a
a	ə
i	ə
i	ə
e	i
i	ə
ə	ə
i	ə
ə	ə
ts	θ
ts	θ
tʃ	ts
tʃ	ts
ʔr	ʔr
ʔr	rʔ
u	a
u	ə
a	ə
a	ɛ
i	i
i	ə
u	ə
ə	ə
a	ɛ
ə	ə
a	a
i	ɛ
a	ə
i	ɛ
i	ə
e	i
i	ə
ə	ə
i	ə
ə	ə
mʔn	nʔ
p	ts
p	ts
m	ŋ
l	j
l	j
x	s
x	ʃ
tʃ	ts
tʃ	ts
w	k
j	tʃ
ʔ	ʔ
ʔ	ʔ
u	ə
a	u
a	u
a	ə
u	ə
ə	ə
a	ə
ə	ə
a	ə
i	ə
a	ə
i	ə
i	ə
ə	ə
i	ə
ə	ə
i	ə
ə	ə
mʔn	d
m	b
n	d
s	ʃ
s	s
x	ʃ
w	ɡ
j	dz
h	ʔ
rʔ	ʔr
i	i
i	ə
u	a
ə	a
a	ə
ə	a
a	i
i	i
i	i
ə	i
i	ə
ə	i
s	s
s	ʃ
s	ʃ
x	ʃ
ʔr	ʔs
ʔr	r
a	æ
u	o
u	o
ə	æ
ə	æ
ə	æ
u	o
ə	o
a	æ
ə	æ
a	æ
i	æ
a	æ
i	æ
i	i
e	ə
i	i
ə	i
p	tʃ
p’	tʃ’
m	ŋ
ts	s
s	ʃ
tʃ	s
tʃ’	ts’
j	tʃ
u	o
u	ə
a	o
a	o
a	e
a	ə
u	ə
ə	ə
a	ə
ə	ə
a	ə
i	ə
a	ə
i	ə
i	ə
e	ə
i	ə
ə	ə
i	ə
ə	ə
p	tʃ
p’	tʃ’
m	ŋ
mʔn	nʔ
ts	θ
ts	s
ts’	θ’
s	ʃ
s	s
x	s
tʃ	s
tʃ’	θ’
j	tʃ
w	k
ʔr	rʔ
u	a
u	ə
a	e
a	ə
a	ə
ə	e
a	ə
i	ə
a	ə
i	ə
i	ə
e	i
i	ə
ə	ə
i	ə
ə	i
p	tʃ
p’	tʃ’
m	ŋ
mʔn	nʔ
ts	s
s	ʃ
s	s
x	s
x	ʃ
tʃ’	ts’
j	tʃ
w	k
u	a
u	ə
a	ə
u	ə
ə	ə
a	ə
ə	ə
a	ə
i	ə
a	ə
i	e
i	ə
e	ə
i	ə
ə	ə
i	ə
ə	ə
p	tʃ
p’	tʃ’
m	ŋ
mʔn	nʔ
ts	s
l	j
l	j
x	s
x	ʃ
tʃ	s
tʃ’	ts’
j	tʃ
w	k
u	a
u	ə
a	a
a	o
a	e
a	ə
u	ə
ə	ə
a	ə
ə	ə
a	ə
i	ə
a	ə
i	ə
i	ə
e	ə
i	ə
ə	ə
i	ə
ə	ə
ts	s
x	ʃ
i	ə
a	ə
ə	ə
a	i
i	ə
i	ə
e	i
i	i
ə	i
x	ʃ
i	i
i	ə
i	j
u	u
ə	u
a	ə
ə	ə
a	i
i	i
a	i
i	ə
i	ə
e	i
i	i
ə	i
l	j
x	ʃ
ʔr	rʔ
u	u
u	ə
u	ə
ə	ə
a	i
i	i
a	i
i	i
i	ə
e	i
i	i
ə	i
m	b
n	d
s	ʃ
s	s
x	ʃ
ʔr	ʔr
ʔr	ʔb
rʔ	ʔr
u	o
u	ə
a	ə
ə	a
a	a
i	a
a	i
i	ə
i	i
e	ə
i	i
ə	i
i	i
ə	i
n	aʔ
 glottalized	e
n̩	e
em	u
em	uʔ
em	a
em	aʔ
en	i
en	iʔ
en	a
en	ʔ
n	i
n	iʔ
n	i
n	iʔ
r	l
r	l
sr	ʂ
s	ʂ
r	ʂ
r	ṭ
t	ṭ
l	d
l	ji
s	t
l	z
ml	dʑ
ŋl	dʑ
l	t
l	tʑ
kw	k
kwə	k
kwə	ɨ
w	r
ɳ	ɽ
ɦ	h
w	o
ia	e
o	a
ŋ	n
k	j
k	w
o	e
a	e
a	a
a	a
a	a
ach	a
ata	a
a	a
ata	a
ach	a
a	o
a	o
a	o
ach	o
ata	o
a	o
ata	o
ach	o
a	a
a	f
alveolar	a
alveolar	f
f	a
f	f
alveolar	a
alveolar	f
ʈ	ʈʂ
o	a
e	o
e	a
o	a
m	n
o	e
i	e
#r	#î
î#	r
o	e
î	e
k	ɕ͡
k	ɕ͡
h	ɕ
b	p
b	p
d	t
d	t
dz	ts
dz	ts
ɡ	k
ɡ	k
w	u
v	f
ʋ	v
z	s
z	ts
ɖʐ	ʈʂ
ɖʐ	ʈʂ
ʐ	ʂ
r	ʐ
ʔ	ŋ
ɣ	x
j	i
ŋ	ɲ
ŋ	n
w	v
w	u
uj	u
uj	ɣu
m	n
iʔ	eʔ
iw	ew
iʔ	ieʔ
ieʔ	i
ieʔ	truncated vowel
ieʔ	thing
ieʔ	ʔ
uʔ	oʔ
uʔ	uɛʔ
uj	ui
uj	uɛi
uj	uɛi
uj	ui
ujʔ	uɛʔ
uɛʔ	uɔʔ
un	uɛn
uɛn	ɛn
uŋ	oŋ
juŋ	iuŋ
juŋ	iuŋ
juŋ	uŋ
uŋ	oŋ
jujŋ	iuŋ
ujŋ	uŋ
y	ɥ
ɥ	y
ɥ	u
yʔ	yɛʔ
l	dental 
l	sibilant
l	dental 
l	sibilant
yʔ	yʔ
yʔ	yʔ
yʔ	yɛʔ
yʔ	ɥʔ
yʔ	yʔ
yʔ	uʔ
oʔ	̣
ʊʔ	̣
yjʔ	yʔ
yn	un
je	ɛ
jeʔ	ɛʔ
yeʔ	uɛʔ
je	iɛ
jeʔ	iɛʔ
yeʔ	yɛʔ
yɛʔ	uɔʔ
yɛʔ	yɔʔ
ye	yɛ
jej	i
jew	au
jew	iau
jem	iɛn
jen	iɛn
yen	uɛn
yen	yɛn
ɔ	a
wɔ	ɔ
wɔ	uɔ
wɔʔ	uɔʔ
wɔʔ	ɔʔ
ɔn	an;
wɔn	uɔn
ja	ia
wa	ua
aʔ	ɔʔ
jaʔ	iaʔ
waʔ	aʔ
waʔ	uaʔ
aj	ai
jaj	iai
waj	uai
aw	au
jaw	iau
awʔ	ɔʔ
jawʔ	ɔʔ
wawʔ	ɔʔ
jawʔ	iɔʔ
wawʔ	uɔʔ
am	an
jam	iɛn
jan	iɛn
wan	an
wan	uan
aŋ	uaŋ
jaŋ	aŋ
waŋ	uaŋ
əjʔ	eʔ
əw	ɛu
əm	ɛn
ən	ɛn
əjŋ	ɛn
a	e
u	y
i	ɯ
a	i
a	wɤ
a	ɯ
i	ɯ
a	ie
a	ɑ
as	ɑ
as	u
i	æ
i	v̩
u	v̩
o	u
b	o
p	b
mb	b
rp	f
rp	f
sp	f
sp	f
r	v
p	v
rb	v
r	v
p	v
rmb	v
s	v
p	v
sb	v
s	v
p	v
smb	v
rk	f
sk	f
r	w
k	w
s	w
k	w
sb	v
sɡ	v
sk	h
rl	l̥
sl	l̥
rn	̥
sn	̥
n̥	l̥
̥	h
̥	̃
l̥	ɬ
a	e
a	wɤ
a	i
i	æ
i	i
u	i
i	ɯ
i	ɯ
i	v̩
u	v̩
o	u
b	ɔ
p	b
mb	b
rp	p
sp	p
rp	p
rb	p
rp	p
rmb	p
r	p
p	p
rb	p
r	p
p	p
rmb	p
sp	p
sb	p
sp	p
smb	p
s	p
p	p
sb	p
s	p
p	p
smb	p
rk	k
sk	k
r	ʁ
k	ʁ
s	ʁ
k	ʁ
sk	h
n̥	l̥
̥	h
̥	̃
l̥	ɬ
a	e
i	ɚɯ
a	i
a	ɯ
a	wa
a	e
a	ɑ
as	ɑ
as	o
i	ɚ
i	ɯ
u	ɚ
u	v̩
o	u
b	v̩
rp	p
sp	p
rp	p
r	p
p	p
sp	p
s	p
p	p
rb	b
sb	b
rmb	mb
smb	mb
rk	k
r	k
k	k
sk	k
s	k
k	k
sb	b
sɡ	ɡ
n̥	l̥
l̥	h
r	̥
s	̥
̥	h
̥	̃
h	h
̃	h
b	p
çp	ʝb
çb	çp
sp	sp
rp	rp
p	mp
b	mb
pr	br
br	p
pj	j
bj	pj
p	p
d	t
d	md
st	zd
sd	st
çt	çtj
tr	trh
dr	tr
çdr	çtr
kt	kt
sk	zɡw
kr	dr
pɡ	pk
sɡ	sk
ɡ	mk
ɡr	kr
sɡr	skr
çk	çk
rk	rɡj
kç	ɡçkr
kj	tç
ʔkj	ktç
ɡj	kj
sɡj	skj
kj	dʒ
çr	dr
ç	mk
ç	j
k	ʔ
k	k
 sibilant	s
pç	mʃ
ts	dʒ
ts	dz
ts	mts
pts	kts
pts	kts
kts	pts
sts	sts
çts	sts
çts	rj
dz	ts
rdz	rts
rnj	rɲ
w	ʔ
u	a
u	i
o	e
a	e
aj	i
ew	im
iw	ju
i	e
b	m
çp	ç
çp	w
b	p
çb	çp
rp	rp
p	kj
b	m
b	p
pr	n
pr	br
br	p
pj	j
p	p
st	s
st	d
d	t
sd	s
sd	t
dr	tr
çdr	tr
dr	ç
çdr	ç
dr	tr
çdr	tr
t	m
t	t
çt	n
çt	dr
kt	ɡ
kt	t
çk	ç
çk	k
sk	j
rk	sɡ
kj	nj
ʔkj	ɡ
ʔkj	ts
ɡj	kj
sɡj	skj
kr	n
kr	br
ɡr	kr
sɡr	skr
 sibilant	s
k	ɡ
ç	n
ç	pj
çl	sj
kts	ɡ
kts	ts
lts	l
lts	dz
ts	ts
ts	s
dz	ts
rdz	rts
dʒ	ts
pts	ɡ
pts	ts
kts	s
kts	ts
kts	s
kts	pj
sts	s
sts	ts
sts	br
rm	mj
rn	rw
çm	ç
çm	n
n	m
rnj	r
rnj	mj
ut	ud
uk	oɡ
uj	ui
ok	iɡ
o	e
oj	oi
a	e
ap	eb
at	e
at	ed
ar	er
am	om
aj	e
aj	i
e	i
et	o
ej	e
ej	i
iw	jo
i	e
ip	ib
it	o
ts	tʃ
ts	mnj
m	mt
 sibilant	s
w	s
çl	rts
or	ro
an	o
at	ie
is	ie
u	ɯ
o	u
aŋ	o
ɔk	ɤɣ
ɔ	ɤ
a	o
ʑ	ndʑ
j	ʑ
b	w
ŋ	m
p	p
p	j
b	p
pr	br
br	pj
çp	ʃb
d	t
dr	t
çt	ʃt
r	s
ɡ	k
ɡ	mk
kj	mj
ɡj	ts
sɡj	stʃj
sɡr	skr
 sibilant	s
w	s
ç	ʂ
pç	ʃ
ç	mʃ
çl	ʃl
ts	s
dz	ts
kts	ts
ts	dz
ts	mtʃ
rdz	rts
dzl	tsl
dʒ	tʃ
ç	ʃ
ŋ	ȵ
ŋw	ȵ
ŋ	mɳ
nj	mɳ
u	o
uj	os
op	u
at	at
at	ɛ
at	ed
an	ia
ŋ	ɳ
aj	oi
e	i
et	o
ej	ai
i	o
p	p
p	mp
b	p
b	mp
sp	sp
çp	ʝb
çb	çp
pr	br
br	p
br	j
pj	p
bj	j
d	mt
d	mt
st	zd
sd	st
kt	kt
çt	çt
çt	çtj
tr	trh
dr	tr
ɡ	k
pɡ	pk
sɡ	sk
çk	çk
ɡ	mk
sk	zɡ
rk	ɡ
ɡj	kj
sɡj	skj
kj	k
ʔkj	k
kj	j
ʔkj	j
kj	ʔk
ʔkj	ʔk
kj	j
ʔkj	j
kj	mɡj
ɡr	kr
sɡr	skr
kç	ɡçkr
kr	k
kr	r
skr	zɡr
k	ʔ
 sibilant	s
p	p
k	k
dz	ts
rdz	rts
dzl	dz
dʒ	tsl
ts	ts
pts	ptç
kts	ktç
kts	kts
sts	sts
çts	sts
çts	çts
lts	ldʒ
w	ʔ
uŋ	ak
om	om
om	am
ew	i
iw	jo
d	l
ts	s
ts	tʃ
dʒ	tʃ
ts	m
s	ʃ
im	em
it	u
ik	e
is	es
ij	e
uk	o
p	p
b	p
p	mp
pr	mbr
sp	sp
rp	sp
çb	ʃp
b	p
b	s
t	mt
tr	tʂ
d	t
kt	kt
çt	ʃt
kr	k
kr	r
rk	pk
pɡ	pk
ɡ	k
pɡ	sk
ɡj	cç
ɡj	tsç
ʔkj	ktʃ
ç	zɡ
rs	sr
 sibilant	s
lts	lɖʐ
ts	mdzr
ts	mtʃ
pts	nt
sts	sts
ts	tʃ
dʒ	tʃ
ŋ	ȵ
nj	ɲ
j	dz
u	o
a	o
es	or
er	ər
e	iɛ
i	a
i	iɛ
i	ɐ
kr	dz
z	k
 sibilant	s
w	s
dʒ	tsh
un	ial
an	a
an	ai
i	əi
i	iə
it	u
p	p
çb	ʂp
b	p
d	t
dr	t
çt	ʃt
sɡ	sk
çk	sk
ɡ	mɡ
rk	nk
kj	tʃ
z	ts
 sibilant	sj
w	sj
ç	ɕ
pç	bɕ
ç	np
ç	j
çl	ʂl
ts	tʃ
dz	ts
ts	ts
ts	m
kts	ɡts
sts	sp
s	ʂ
nj	mɲ
rnj	rɲ
ut	ud
uk	uo
un	uo
ur	uɛ
uj	ue
om	on
om	am
a	ɛ
at	ɛ
ap	ɛk
an	ɿɛ
ew	ə
e	i
ej	ei
i	e
i	ə
i	iɛ
it	ə
ik	ə
iŋ	ʅ
p	p
p	pdz
t	tʃ
p	sts
b	mp
t	mt
ɡ	mk
ç	nts
ç	dz
p	b
d	tʃ
kt	tʃ
st	zdʒ
dr	ʈ
çdr	ʂʈdz
çk	ʂk
k	k
k	dz
rk	nɡ
kr	k
kr	r
kj	tʃh
kj	dʒ
ɡr	nk
ɡr	r
pç	b
pç	ç
çl	sɬ
 sibilant	swdz
w	swdz
ç	sdz
ts	mʈʂ
kts	kts
kts	ʈʂ
lts	bɖʐ
ts	ʈʂ
ts	ʒ
dz	tsj
rdz	rts
dʒ	ʈʂ
ç	ʂ
ŋ	ȵ
ŋw	ȵwj
nj	mɲ
j	s
uk	u
uk	o
uŋ	e
o	e
a	e
t	ŋ
aw	au
aj	ai
e	i
i	a
it	o
ik	ek
iw	iu
ij	ei
pr	br
b	p
d	l
kt	kt
kr	k
kr	r
kj	ts
ç	zɡ
pç	ʃ
çl	ʃn
ts	tʃ
ts	j
dzl	tsl
ts	m
s	ʃ
ŋ	j
nj	mn
çnj	ʃn
uk	o
o	ə
an	ai
ap	ie
aj	ui
ew	i
it	o
ik	i
is	eu
im	wa
iŋ	ie
ij	e
d	h
d	r
ɡ	h
ɡ	r
s	h
s	r
l	h
l	r
r	h
r	r
ʃ	x
kr	tɕ
kr	tɕ
kj	tɕ
kj	tɕ
k	tɕ
k	tɕ
r	tɕ
r	tɕ
k	tɕ
k	tɕ
j	tɕ
j	tɕ
ɡr	dʑ
ɡj	dʑ
p	h
b	w
i	ə
sr	ʂ
s	i
d	l
t	l
m	w
t	ts
t	ts
t	n
ã	ẽ
e	i
r	ts
ı̃	i
k	r
m	n
p	k
p	ʍ
ʃ	s
θ	t
x	h
x	k
k	ts
w	low falling tone
j	low falling tone
ʔ	low falling tone
awẽ	ama
awẽ	ama
a	a
wẽ	ma
a	a
wẽ	ma
nas	a
nas	high rising tone
iji	i
tsn	hst
n	h
ts	s
ks	ts
nh	hn
ẽ	o
ẽ	o
õ	ʌ̃
õ	ʌ̃
r	l
t	d
ts	dz
k	ɡ
k	ɡ
o	a
o	a
u	o
u	o
iji	hi
iji	hi
i	e
n	t
ts	hs
ts	s
ns	ts
r	n
r	w
r	j
e	ẽ
e	ẽ
o	õ
o	õ
t	h
ths	tsh
s	f
ts	s
s	ʃ
t	d
k	ɡ
k	ɡ
ts	t
t	k
tʔ	t
tsʔ	ts
kʔ	k
k	k
ʔ	k
s	ʃ
t	d
k	ɡ
k	ɡ
s	ʃ
ts	ʃ
ts	s
k	i
n	t
hn	th
s	h
k	h
k	x
k	x
t	k
r	h
t	k
t	k
x	w
n	t
x	e
w	m
j	ɲ
j	ʒ
x	j
ẽ	ɛ̃
ẽ	ɛ̃
õ	ɔ̃
õ	ɔ̃
o	u
o	u
n	d
n	ŋ
ɛ̃	ã
ɛ̃	ã
s	ʃ
ts	hs
ts	s
ns	ts
ara	a
jh	hj
n	t
ʃ	s
hs	sh
hts	tsh
a	æ
a	æ
o	e
o	e
õ	ẽ
õ	ẽ
r	j
r	w
k	h
õ	ũ
õ	ũ
ts	tʃ
s	ʃ
t	d
tʃ	dʒ
k	ɡ
k	ɡ
ẽ	ʌ̃
ẽ	ʌ̃
õ	ũ
õ	ũ
ts	hs
ts	s
ns	ts
jh	hj
r	l
t	k
k	t
wə̃	ũ
t	tʃ
wh	f
ts	tʃ
t	d
tʃ	dʒ
k	ɡ
k	ɡ
s	ʃ
s	z
ths	tsh
hs	sh
ʔ	h
r	l
ʔ	̊
ʔ	̊ʔ̊
ʔ	h
r	r̊
ts	tʃ
t	d
tʃ	dʒ
k	ɡ
k	ɡ
s	ʃ
s	z
ts	s
a	æ
a	e
ã	ẽ
a	æ
a	æ
r	n
r	h
r	j
r	w
a	ẽ
a	ẽ
n	t
n	t
t	h
ths	tsh
tts	tsh
a	õ
a	õ
æ	ẽ
æ	ẽ
a	õ
a	õ
a	õ
a	õ
ẽ	ɛ̃
ẽ	ɛ̃
õ	ɔ̃
õ	ɔ̃
t	d
k	ɡ
k	ɡ
s	ʃ
a	ə
e	ɪ
o	ʊ
ts	tʃ
ths	tʃ
n	t
ẽ	ə̃
ẽ	ə̃
õ	ə̃
õ	ə̃
ẽ	ə̃
ẽ	ə̃
õ	ə̃
õ	ə̃
ẽ	ə̃
ẽ	ə̃
õ	ə̃
õ	ə̃
ẽ	ə̃
ẽ	ə̃
õ	ə̃
õ	ə̃
ts	θ
t	tʔ
t	ʔ
t	ʔn
t	n
n	t
e	ɛ
e	ɛ
ə̃	ɨ̃
ə̃	ɨ̃
a	ɔ
a	ɔ
o	u
o	u
t	d
k	ɡ
k	ɡ
n	n̥
r	r̥
w	w̥
j	j̊
θ	s
jʔ	ʔj
r̥	s
w̥	f
j̊	ʃ
ə̃	ɨ̃
ə̃	ɨ̃
a	ɔ
a	ɔ
o	u
o	u
ẽ	ı̃
õ	ũ
θ	r
x	ç
ç	x
x	ʃ
p	p
p	b
p	m
p	w
p	b
t	ʃ
t	ʒ
nas	n
ç	x
x	ʃ
x	ʒ
p	p
p	b
p	m
p	w
t	ʃ
t	ʒ
s	z
s	z
r	d
t	st
r	ʃt
r	d
mn	m
mn	n
km	k
km	m
w	p
hk	tʃ
x	ʔ
pr	md
mt	md
kr	hd
kr	ɡj
pr	bl
mt	bl
kr	ɡl
r	d
s	ʃ
ç	x
w	m
l	n
l	r
ã	a
t	s
t	s
r	r
mn	m
mn	n
mn	m
mn	n
sn	ʃ
sn	n
sn	s
sn	r
km	k
km	p
sk	ʃ
ç	x
x	ʃ
x	ʒ
p	p
p	b
p	m
p	w
t	tʃ
t	dʒ
t	ʃ
t	ʒ
s	z
k	ɡ
k	ɡ
kr	k
kr	r
p	p
p	b
p	m
p	w
p	w
ɡ	ŋ
k	ɡ
s	θ
z	ð
l	l
l	n
l	r
t	tʃ
pr	bl
sr	θl
sr	ʃl
t	ʃ
r	r
kr	ɡl
r	l
k	h
tk	ɡ
p	p
p	b
p	m
p	w
p	b
t	tʃ
t	dʒ
l	r
l	n
l	r
t	x
pr	p
pr	r
sr	ʃ
xr	r
sn	s
sn	n
km	k
km	w
mt	r
tk	tʃk
tk	tʃɡ
xk	ɡ
s	ts
ç	x
t	ʃ
x	ʃ
m	w
l	r
l	r
ã	a
ı̃	i
ũ	u
wt	w
wt	t
t	ʃ
t	s
k	ts
n	r
t	ʃ
sk	tsk
n	r
kr	k
kr	r
mn	w
sn	ts
sn	r
km	hp
sk	tsuk
sk	tsk
kx	hk
sk	hts
p	p
p	b
p	m
p	w
t	d
t	ʒ
s	z
t	ʃ
k	ɡ
s	z
l	ð
l	j
l	ʒ
l	d
w	β
u	i
tk	ɡ
nas	nas
nas	n
p	p
p	b
p	m
p	w
w	b
r	d
l	j
l	j
l	bl
ũ	a
t	ts
t	ʃt
r	ʃt
kr	l
mn	bl
mt	d
p	b
n	θ
w	m
l	θ
d	n
l	θ
l	n
ũ	ã
pr	bθ
sr	sn
t	ʃn
r	ʃn
kr	ɡθ
mn	m
mn	n
mn	bθ
mt	n
p	p
p	b
p	m
p	w
t	ts
s	θ
ç	z
x	z
n	ð
w	b
l	ð
t	ts
pr	bð
sr	sts
t	ʃd
r	ʃd
kr	ɡð
r	ð
mn	bð
sn	hn
mt	d
ʃ	s
xk	k
xk	ʃk
xk	ɡ
x	ʔ
p	p
p	b
p	m
p	w
t	ʃ
l	d
x	ʒ
l	j
l	t
ã	õ
ũ	ã
p	p
p	b
p	m
p	w
t	tʃ
l	j
p	p
p	b
p	m
p	w
m	w
l	d
ã	an
r	d
r	n
kx	xk
p	p
p	b
p	m
p	w
s	f
ç	s
x	s
m	w
l	t
j	tʃ
ã	an
ã	õ
sr	ft
kr	k
kr	l
sk	f
x	s
kx	sk
kx	s
p	p
p	b
p	m
p	w
l	l
mn	m
mn	n
sn	s
sn	n
s	ʃ
f	p
v	p
m	b
b	b
pl	v
bl	pj
br	pj
d	t
ɗ	d
ŋ̊	h
l̥	l
ɣ	k
ɡl	k
ɡl	kw
r	l
x	k
x	x
k	k
k	k
ɲ̊	j
pr	v
bl	bj
br	bj
vr	d
d	t
ɗ	d
t	p
t	t
d	t
ɡ	k
x	k
k	t
ɓ	b
ɗ	d
f	p
m	v
w	v
l	j
bl	pj
br	pj
v	b
tr	t
tr	t
tr	r
ɡ	k
x	k
kl	kj
kl	tʃ
kr	k
kr	j
xr	k
xr	l
xr	k
xr	r
x	k
ɣ	v
ɣ	w
iə	ı̆
ɨ̯a	a
ɛi	ai
ei	i
v	f
pr	p
pr	p
pr	j
r	ɬ
s	ɬ
z	ɬ
tʃ	ʃ
dʒ	tʃ
ɲ	j
ɡl	kj
ɨə	ɨ̆
ɨ̆	u
i̯o	ə
uə	ŭ
u̯ɨ	ɨ
u̯ɨ	ə
u̯o	u
uo	u
uo	u
ɨ̯u	u
ɨ̯u	u
o	u
u̯ɔ	o
ɨɔ	o
ɔ	o
e	i
i̯e	i
ɛ	e
i̯ɛ	e
iɛ	e
i̯ɛ	e
uɔ	o
ɨ̯ɔ	ɨ
ɨo̯	ɨ
ɨa̯	ɨ
ɨe̯	ɨ
ie̯	i
uɨ̯	u
ua̯	u
ue̯	u
ai	a
ai	i
u̯əi	o
u̯əi	i
uəi	u
uəi	i
uai	u
uai	iau
i̯əu	o
i̯əu	u
a	u
əi	ai
ɨ̯ai	a
ɨ̯ai	i
ɔ	o
u̯əi	o
u̯əi	i
o	a
ə	a
ɛɨ	aɨ
eɨ	aɨ
eu	u
o	a
i̯əu	au
ɛ	e
uəi	u
uai	i
iau	e
iau	u
v	f
pr	p
pr	p
pr	j
tʃ	ʃ
tʃ	ts
dʒ	ʃ
dʒ	tʃ
v	f
pr	t
s	x
z	t
tʃ	x
tʃ	t
dʒ	tʃ
j	ʒ
ʔj	ʒ
ɣ	k
pr	t
z	r
z	s
dʒ	tʃ
j	ʒ
ʔj	ʒ
v	f
pr	t
r	r̥
s	t
z	t
dʒ	tʃ
ɣ	w
ɣ	j
i	ə
i	ei
u	oʊ̯
k	tʃ
l	tʃ
k	tʃ
r	tʃ
ɡl	tʃ
ɡr	tʃ
kl	kj
kr	tʃ
p	b
p	e
p	p
p	b
p	p
p	p
b	p
ɓ	b
t	t
d	t
ɗ	d
k	k
ɡ	k
k	k
ɡ	k
m̥	m
n̥	n
mw	f
f	f
f	v
f	w
f	h
tl	r̥
tr	r̥
z	s
w	v
m	v
tʃ	ʃ
dʒ	ʃ
tʃ	ʃ
dʒ	ʃ
xr	r̥
x	h
x	w
ɣ	w
x	v
ɣ	v
x	h
ɣ	h
iə	ı̆
ɨ̆	a
uo	ɔ
ɨ̯u	ɨə̯
i̯ɛ	ɨa̯
u̯o	u
i̯o	o
ɨ̯a	ɨa̯
ɨ̯a	ɨə̯
u̯ɔ	ua
u̯a	uə
uo	uu
uu	u
ɨ̯ɔ	ɨa
ɨ̯ɔ	ɨə
uɨ̯	ɨə
ua̯	uɔ̯
ɨə	ɨ
uɔ̯	ɔ
ɛi	ai
ei	əi
k	tʃ
kl	ð
r	ð
r̥	ð
v	w
ŋ	ɡ
tš	ts
k	tʃ
r	l
r̥	l
ɗ	n
s	ɬ
ɨ̆ə	ɨ̆
ɨ̆	a
ɨ̆	ə
uə	ŭ
ɔ	o
ɨə̯	ɨ
ɨa̯	ɨ
ɨə̯	ɨ
ɨa̯	ɨ
i̯o	o
e	o
e	ɛ
ɛ	e
iɛ	ı̆
i̯e	i
o	ɔ
ə	ɔ
ə	a
ə	ɒ
ə	ɑ
ə	ʌ
u̯ɨ	ɔ
u̯ɨ	ɨ
ɨa̯	i
ɨə̯	i
ɨa̯	ɨ
ɨə̯	ɨ
ua	u
uə	u
ɔ	o
ua	u
u	u
̯	u
ɨɔ	ɨ
ɨ̯a	ɨ
ɨə	ɨ
ue̯	u
ue̯	u
ɨo̯	u
ɨa̯	a
ie̯	e
ɨe̯	i
əi	ai
ɛi	ai
ei	ai
ɨ̯ai	ɨ
ɨ̯ai	i
u̯əi	i
u̯əi	wi
ɔi	o
ɔi	i
ə	a
ɛi	ɨ
ei	ɨ
ou	o
oɨ	o
ɛ	e
e	a
i̯əu	u
uəi	i
uai	o
uai	i
iau	e
iau	u
r̥	r
s	θ
i	i
i	oi
u	aʊ̯
əi	ai
p	p
p	p
v	f
m	w
pr	t
v	b
t	t
l	t
t	r̥
r	r̥
z	s
r	r̥
xr	h
x	k
ɡ	k
ɨə	ɨ
iə	ı̆
ɨ̯a	a
ɛi	ai
ei	i
o	ɔ
ɓ	b
ɗ	d
bl	p
br	p
r̥	h
dʒ	s
ɡl	k
ɡr	k
ɡ	k
ɣ	ɡ
x	k
ɣ	ɡ
ɓ	b
ɗ	d
bl	p
br	p
r̥	h
dʒ	s
ɲ	j
ɡl	k
ɡr	k
k	x
ɣ	x
ɡ	k
k	x
ɣ	x
ɣ	x
o	u
e	i
uɨ̯	o
ua̯	o
ue̯	o
ɨa̯	ə
ɨe̯	ə
ie̯	e
əi	ai
ɓ	b
ɗ	l
bl	p
br	p
r̥	h
ts	s
dʒ	s
ɡl	k
ɡr	k
ɡ	k
ɣ	k
x	k
uɨ̯	o
ua̯	o
ue̯	o
ɨa̯	ə
ɨe̯	ə
ie̯	e
əi	ai
b	p
ɓ	m
ɗ	d
r̥	h
ŋ	h
ŋ	ʃ
ɡ	k
ɣ	ɡ
x	k
ɣ	ɡ
uo	u
uə	u
ɨu	ɨ
u̯o	o
u̯ɨ	o
u̯ɔ	ɔ
u̯a	a
ɨ̯u	u
i̯o	u
e	o
i̯e	e
ɛ	ɛ
i̯ɛ	ɛ
iɛ	ɛ
i̯ɛ	ɛ
ɨɔ	ɔ
ɨ̯ɔ	ɔ
ɨ̯ai	a
ɨ̯ai	i
u̯əi	ɔ
ɔi	i
əɨ	ai
ɛɨ	ai
eɨ	ai
oɨ	ai
o	a
ə	a
eu	u
ɨ̯əu	au
au	a
au	u
ɨ	ə
uəi	uai
ɓ	b
ɗ	l
bl	p
br	p
r̥	h
ɡ	k
ɡl	tʃ
x	k
ɣ	ɡ
ɓ	b
ɗ	d
bl	p
br	p
r̥	h
k	x
ɣ	x
ɡ	k
ɡl	tʃ
ɡr	tʃ
k	x
ɣ	x
ɣ	x
o	u
e	i
uɨ̯	o
ua̯	o
ue̯	o
ɨa̯	ə
ɨe̯	ə
ie̯	e
əi	ai
p	ɸ
b	ɱ
ts	s
dz	z
t	ʃ
ts	ʃ
s	c
ts	t
d	n
k	h
k	h
k	ɡ
k	ɡ
ɡ	k
ɡ	k
ts	t
ts	t
ts	t
dz	d
w	j
b	m
s	ɬ
ts	tʃ
ts	s
ts	tʃ
dz	j
d	l
d	n
k	x
k	x
ɡ	k
ɡ	w
p	f
t	θ
ts	s
b	m
dz	j
dz	dʒ
k	x
k	x
ɡ	w
l	j
q	ʔ
tʃ	s
k	ts
x	h
ɬ	j
tɬ	j
ɨ	ə
ɔ	o
n	l
t	tʃ
k	q
j	t
o	u
o̰	ṵ
ə	a
ɔ	a
ə̰	a̰
ɔ̰	a̰
e	i
ɨ	i
ḛ	ḭ
t	l
t	t
k	h
k	k
ŋ	n
p	β
k	h
k	k
d	nj
e	a
u	u
u	ɨ
i	i
i	ɨ
p	f
t	s
s	t
s	s
b	p
ɡ	k
p	t
p	r
t	r
t	s
t	t
nj	s
t	j
nj	s
t	r
t	s
b	p
b	b
d	d
d	z
ɡ	k
nj	z
a	a
a	o
p	b
b	b
ŋɡ	ɡ
ɡ	k
u	u
u	o
u	y
a	a
a	o
l	nd
ʔl	t
ʔd	t
ʔɡ	k
ʔ	n
w	ŋk
m	mp
n	nt
j	nt
ʔ	n
w	ŋk
m	mp
n	nt
j	nt
m	mb
n	nd
r	ʔ
ʔv	t
ʔm	p
ʔɡ	k
ʔr	v
r	ʔ
r	ʔ
ʔv	p
ʔm	b
ʔɡ	k
ʔr	t
ʔh	s
ʔh	f
r	ʔ
ʔŋɡ	ŋk
ʔd	t
ʔv	p
ʔm	b
ʔɡ	k
ʔr	t
ʔh	s
ʔh	f
w	ŋk
d	ŋk
r	ŋk
nj	nt
r	ʔ
d	n
ʔw	m
ʔb	p
ʔd	t
ʔɡ	k
nw	mb
nr	nd
w	ʔk
r	ʔk
j	ʔt
r	ʔ
l	ɽ
k	k
k	h
d	s
d	t
b	b
b	p
d	s
p	t
k	ʔ
p	f
u	u
u	ɔ
a	ɔ
a	a
t	s
t	t
b	b
b	p
t	r
t	t
b	p
d	d
d	t
k	ɡ
ɡ	ɡ
nj	r
s	s
s	t
u	u
u	o
i	i
i	e
d	s
d	t
s	t
s	s
t	r
b	b
b	p
nj	d
s	s
s	d
ŋ	m
ŋ	ŋ
u	u
u	ɔ
o	o
o	ɔ
a	a
a	ɔ
e	e
e	o
p	f
b	f
d	n
ɡ	k
n	m
ŋ	n
ɡ	ɡ
ɡ	ŋ
i	i
i	e
ŋ	n
iw	y
ow	u
m	n
ɤ	ɑ
ɤ	ɑ
ɑ	o
æ	e
aw	o
iw	u
ê	e
ô	o
ê	y
ô	ɯ
ɯ	i
ej	i
e	j
ɑ	e
ɑ	o
ixi	ø
uxu	o
x	w
x	j
uŋa	o
eŋi	ø
ŋ	n
ŋ	j
ŋ	w
ŋ	w
ŋ	w
ŋ	w
uwa	o
uwi	o
ewi	ø
wi	i
ji	o
yje	ø
ø	jø
uw	ow
ij	ej
tʃ	ʃ
ts	s
n	ni
n	in
ð	t
ts	k
tk	k
tʃ	t
t	ts
tj	ts
ʃ	ʂ
ʂ	x
s	x
w	ʋ
j	i
w	u
p	b
t	d
ts	s
s	z
k	ɡ
b	β
d	ð
ɡ	ɣ
ɣ	j
ɣ	ʋ
βi	u
f	ʋ
oi	o
kt	t
pt	t
kts	t
pts	s
xk	k
sn	s
tsn	s
t	s
sn	s
kx	x
kxtx	x
rn	r
ln	l
pn	n
ppn	n
pn	n
ptn	n
pn	n
pkn	n
tn	n
tpn	n
tn	n
ttn	n
tn	n
tkn	n
kn	n
kpn	n
kn	n
ktn	n
kn	n
kkn	n
pm	m
ppm	m
pm	m
ptm	m
pm	m
pkm	m
tm	m
tpm	m
tm	m
ttm	m
tm	m
tkm	m
km	m
kpm	m
km	m
ktm	m
km	m
kkm	m
ks	s
nts	s
nt	t
ts	s
ts	θ
ts	θ
z	h
x	h
z	h
x	h
p	h
k	h
mb	m
nd	n
ŋɡ	ŋ
e	ie
ø	yø
o	uo
sn	ns
k	˟
x	˟
p	β
β	u
t	z
z	u
t	z
k	z
k	ɣ
k	ɣ
ɣ	u
β	ʋ
ið	j
lð	l
rð	r
ɣ	j
ɣ	ʋ
ɣ	ʔ
ao	a
ao	o
ao	u
i	a
ue	e
iu	u
ou	o
æ	a
e	ø
i	y
i	y
θ	ts
θ	ts
ð	d
ie	i
yɤ	y
uo	u
ts	s
ts	s
e	ɤ
æ	ɑ
ɑ	æe
ɑ	ə
p	b
t	d
t	d
s	z
s	z
k	ɡ
dj	d
lj	l
rj	r
ɡj	jɡ
lʋ	l
rʋ	r
jʋ	j
ɑ	ɔ
au	ɔu
e	i
e	e
ø	y
ø	ø
o	u
o	o
ɤ	ɨ
ɤ	ɨ
ɦ	ʔ
s	ʃ
ts	tʃ
z	ʒ
dz	dʒ
æy	æu
ey	eu
y	i
ø	e
e	je
o	wo
w	ʋ
wo	ʊ
ɔ	o
ɔ	o
p	v
t	r
s	h
ŋ	n
l	n
p	v
k	q
i	j
l	n
w	l
w	ŋ
o	ø
p	v
p	v
t	l
ts	tʃ
k	q
k	q
k	x
s	ʃ
l	n
o	e
ɨ	o
t	tɬ
s	ʃ
ts	tʃ
ŋ	n
m	n
l	n
ɨ	e
u	i
u	e
hk	w
hʔ	ʔ
ts	z
hts	z
p	b
a	o
k	q
hk	hq
kw	q
k	hq
hk	hq
m	h
n	h
ɨ	i
u	u
u	ui
p	w
t	tʃ
ts	s
k	b
h	ʔ
s	h
ŋ	n
n	ɲ
l	ɲ
l	ɭ
ɭ	ɖ
w	ɡ
j	dʒ
j	d
l	i
ś	s
ś	ʃ
ś	s
ś	ʃ
ś	s
s	ʃ
n	n
 fortis	n
n	n
 fortis	n
n	n
 fortis	n
n	r
 fortis	r
n	r
 fortis	r
n	n
 fortis	n
r	ɾ
 fortis	ɾ
r	r
 fortis	r
ɡ	k
s	f
f	h
n	̃
n	̃
d	l
n	m
n	ɲ
n	h̃
nb	m
b	m
l	ɾ
ɾ	r
r	ɾ
r	ɾ
l	l
ð	some sort of tap distinct from ɾ
̃	ɲ
̃	n
h̃	h
s̻	ʃ
s̻	ʃ
u	y
ũ	ỹ
õ	ũ
i	u
i	y
e	o
e	o
a	ɛ
o	u
e	i
o	u
a	e
o	u
e	i
e	i
e	a
u	o
i	e
e	j
wh	f
βh	f
ɾ	h
l	ʎ
n	ɲ
ɾ	ʎ
r	ʎ
s̻	ʃ
ts̻	tʃ
t	c
t	tʃ
d	ɟ
ð	ʝ
d	ɟ
ð	ʝ
ɡ	ɟ
ɣ	ʝ
ɡ	dʒ
j	ʝ
ʝ	j
j	ʝ
ʝ	ʒ
j	ʝ
j	ʝ
ʝ	ɟ
j	ʝ
ʝ	ʒ
ʒ	dʒ
j	ʝ
ʝ	ʒ
ʒ	ʃ
j	ʝ
ʝ	ʒ
ʒ	ʃ
ʃ	x
j	χ
ʎ	jl
ɲ	jn
n	n
 fortis	n
hu	ʊ
hi	ɪ
aɪ	eɪ
eɪ	e
aʊ	aɪ
eʊ	e
eʊ	eɡu
eɪ	e
oɪ	uɪ
eð	e
e	j
e	j
ʊa	o
ʊe	e
 sibilant	 affricate
s̻	s̺
ts̺	ts̻
s̻	s̺
its̺	tʃ
oa	u
oa	ue
ea	i
ea	ie
s̺	tʃ
s̺	ʃ̺
tʃ	ʃ
tʃ	s
t	tʃ
b	p
o	u
s	ʂ
b	β
x	w
ʃ	ʂ
ɬ	l
i	ə
aw	o
aj	e
k	q
x	χ
b	p
i	ə
u	o
ɲj	n
s	f
ɪ	i
ʊ	u
æ	e
ɪ	i
æ	eə̯
æ	ɪə̯
æ	ɛ
e	ɛ
æ	a
ʊ	ʌ
ʌ	ɛ
ɛ	æ
ɑ	ɔ
u	iʊ̯
u	ʉ
u	ɯ
oʊ̯	eʊ̯
ɛi	ɛ
œy	œ
ɔu	ɔ
ɛi	ai
œy	ay
ʌu	au
e	ɛi
ø	œy
o	ɔu
ai	ɛi
ɛi	əi
u	ʌu
ø	wi
ø	i
ø	u
ø	ʌ
ø	ju
ø	jʌ
a	i
a	e
a	ɛ
a	e
ai	e
oi	oe
ui	əi
ei	i
au	ɑ
au	ɔ
ou	ʌu
iu	ju
ɛu	ju
ɛou	jʌu
ɛ	ɛi
ɛi	əi
i	əi
e	i
ɛ	i
ɛ	e
a	e
ø	ø
y	ø
æ	ɛ
a	a
a	ɑ
u	ʌ
əi	aɪ
i	əj
u	əw
əj	ɑj
əw	ɑw
e	i
o	u
ɛ	e
e	i
a	ɛ
ɔ	o
ɛ	e
o	ow
e	ej
ow	əw
u	y
u	y
o	u
e	i
ɛ	e
ai	ɛ
ɔi	y
e	i
y	i
y	i
ɛu	ɛv
au	av
e	ie
ø	yø
o	uo
ɑ	uɑ
æ	iæ
ɑi	ɑe
æi	æe
ei	e
oi	oe
øi	øe
ɑu	ɑ
ou	o
æy	æ
øy	ø
eu	eo
li	l
li	i
ni	n
ni	i
ri	r
ri	i
si	s
si	i
a	ɔ
uə	ɔ
yə	œ
ə	a
a	a
a	ə
ə	a
iəu	au
a	ə
ɑ	a
ɔ	ɑ
ɛ	ɐ
ʌ	ɔ
ɪ	ɪ̞
a	ɛa
æ	ɛa
a	ɔa
e	ɛa
i	i
y	i
i	ʊi
y	ʊi
o	ɔu
o	ɛu
o	œu
u	ʉu
œ	ø
ɔ	/œ
e	æ
en	ẽ
an	ã
ej	i
ew	ju
i	ı̆
a	o
aj	æ
aj	i
aw	u
u	ŭ
u	ɨ
e	je
o	wo
e	i
o	u
ɨ	o
ə	o
ui	wi
ɨi	wi
i	e
ɨi	je
ia	je
ɨi	je
iə	je
uɨ	wo
ua	wo
uə	wo
ip	ɨʔ
ik	ɨʔ
it	iʔ
im	ɛ
iŋ	ɛ
in	ɨ
up	ɔʔ
ut	əʔ
uk	uʔ
um	ɔ
un	ə
uŋ	ɛ
u	y
i	e
e	a
a	o
æ	ɛ
ɛ	e
ɪ	ɨ
ɛ	ɪ
aɪ	a
aɪ	a
aɪ	ɑe
aɪ	a
æ	æj
æ	æjə
ɛ	ɛj
ɛ	ɛjə
ɪ	ɪj
ɪ	ɪjə
ɛj	ej
ɛjə	ejə
ɪj	ij
ɪjə	ijə
i	ɪi
eɪ	ɛi
uʊ	ʉʊ̈
oʊ	əʊ̈
ɔ	ɑɒ
ɑɹ	ɒɹ
z	d
æ/ɑ	æɪ
w	p
ś	k
p	k
ts	t
t	k
n	ŋ
j	p
ŋ	x
ŋ	h
h	ŋ
ʕ	ŋ
f	p
tš	t
r	ɡʟ
ɡʟ	ɣ
mb	ʙ
nd	dr
w	f
m	n
p	w
t	k
n	i
y	u
i	s̩
u	f̩
